,ticker,periodOfReport,linkToFilingDetails,formType,cik
0,NFLX,2022-03-31,https://www.sec.gov/Archives/edgar/data/1065280/000106528022000145/nflx-20220331.htm,10-Q,1065280
1,NFLX,2021-09-30,https://www.sec.gov/Archives/edgar/data/1065280/000106528021000363/nflx-20210930.htm,10-Q,1065280
2,NFLX,2021-06-30,https://www.sec.gov/Archives/edgar/data/1065280/000106528021000250/nflx-20210630.htm,10-Q,1065280
3,NFLX,2021-03-31,https://www.sec.gov/Archives/edgar/data/1065280/000106528021000144/nflx-20210331.htm,10-Q,1065280
4,NFLX,2020-09-30,https://www.sec.gov/Archives/edgar/data/1065280/000106528020000451/form10qq320.htm,10-Q,1065280
5,NFLX,2020-06-30,https://www.sec.gov/ix?doc=/Archives/edgar/data/1065280/000106528020000309/form10qq220.htm,10-Q,1065280
6,NFLX,2020-03-31,https://www.sec.gov/ix?doc=/Archives/edgar/data/1065280/000106528020000155/form10qq120.htm,10-Q,1065280
7,NFLX,2019-09-30,https://www.sec.gov/ix?doc=/Archives/edgar/data/1065280/000106528019000368/form10qq319.htm,10-Q,1065280
8,NFLX,2019-06-30,https://www.sec.gov/ix?doc=/Archives/edgar/data/1065280/000106528019000260/form10qq219.htm,10-Q,1065280
9,NFLX,2019-03-31,https://www.sec.gov/Archives/edgar/data/1065280/000106528019000157/form10q_q119.htm,10-Q,1065280
10,NFLX,2018-09-30,https://www.sec.gov/Archives/edgar/data/1065280/000106528018000538/nflx-093018x10qxdoc.htm,10-Q,1065280
11,NFLX,2018-06-30,https://www.sec.gov/Archives/edgar/data/1065280/000106528018000360/nflx-063018x10qxdoc.htm,10-Q,1065280
12,NFLX,2018-03-31,https://www.sec.gov/Archives/edgar/data/1065280/000106528018000205/nflx-033118x10qxdoc.htm,10-Q,1065280
13,NFLX,2017-09-30,https://www.sec.gov/Archives/edgar/data/1065280/000106528017000180/nflx-093017x10qxdoc.htm,10-Q,1065280
14,NFLX,2017-06-30,https://www.sec.gov/Archives/edgar/data/1065280/000106528017000046/nflx-063017x10qxdoc.htm,10-Q,1065280
15,NFLX,2017-03-31,https://www.sec.gov/Archives/edgar/data/1065280/000162828017003939/nflx-033117x10qxdoc.htm,10-Q,1065280
16,NFLX,2016-09-30,https://www.sec.gov/Archives/edgar/data/1065280/000106528016000081/nflx-93016x10qxdoc.htm,10-Q,1065280
17,NFLX,2016-06-30,https://www.sec.gov/Archives/edgar/data/1065280/000106528016000072/nflx-63016x10qxdoc.htm,10-Q,1065280
18,NFLX,2016-03-31,https://www.sec.gov/Archives/edgar/data/1065280/000106528016000057/nflx-33116x10qxdoc.htm,10-Q,1065280
19,NFLX,2015-09-30,https://www.sec.gov/Archives/edgar/data/1065280/000106528015000038/nflx-093015x10qxdoc.htm,10-Q,1065280
20,NFLX,2015-06-30,https://www.sec.gov/Archives/edgar/data/1065280/000106528015000031/nflx-063015x10qxdoc.htm,10-Q,1065280
21,NFLX,2015-03-31,https://www.sec.gov/Archives/edgar/data/1065280/000106528015000017/nflx-033115x10qxdoc.htm,10-Q,1065280
22,NFLX,2014-09-30,https://www.sec.gov/Archives/edgar/data/1065280/000106528014000028/nflx-9301410qdoc.htm,10-Q,1065280
23,NFLX,2014-06-30,https://www.sec.gov/Archives/edgar/data/1065280/000106528014000021/nflx-63014x10qxdoc.htm,10-Q,1065280
24,NFLX,2014-03-31,https://www.sec.gov/Archives/edgar/data/1065280/000106528014000012/nflx-33114x10qxdoc.htm,10-Q,1065280
25,NFLX,2013-09-30,https://www.sec.gov/Archives/edgar/data/1065280/000106528013000036/nflx-09301310qdoc.htm,10-Q,1065280
26,NFLX,2013-06-30,https://www.sec.gov/Archives/edgar/data/1065280/000106528013000030/nflx-063013x10qxdoc.htm,10-Q,1065280
27,NFLX,2013-03-31,https://www.sec.gov/Archives/edgar/data/1065280/000106528013000020/nflx-033113x10qxdoc.htm,10-Q,1065280
28,NFLX,2012-09-30,https://www.sec.gov/Archives/edgar/data/1065280/000106528012000023/nflx-093012x10qxdoc1.htm,10-Q/A,1065280
29,NFLX,2012-09-30,https://www.sec.gov/Archives/edgar/data/1065280/000106528012000020/nflx-093012x10qxdoc.htm,10-Q,1065280
30,NFLX,2012-06-30,https://www.sec.gov/Archives/edgar/data/1065280/000106528012000012/nflx-063012x10qxdoc.htm,10-Q,1065280
31,FB,2022-03-31,https://www.sec.gov/Archives/edgar/data/1326801/000132680122000057/meta-20220331.htm,10-Q,1326801
32,FB,2021-09-30,https://www.sec.gov/Archives/edgar/data/1326801/000132680121000065/fb-20210930.htm,10-Q,1326801
33,FB,2021-06-30,https://www.sec.gov/Archives/edgar/data/1326801/000132680121000049/fb-20210630.htm,10-Q,1326801
34,FB,2021-03-31,https://www.sec.gov/Archives/edgar/data/1326801/000132680121000033/fb-20210331.htm,10-Q,1326801
35,FB,2020-09-30,https://www.sec.gov/Archives/edgar/data/1326801/000132680120000084/fb-09302020x10q.htm,10-Q,1326801
36,FB,2020-06-30,https://www.sec.gov/ix?doc=/Archives/edgar/data/1326801/000132680120000076/fb-06302020x10q.htm,10-Q,1326801
37,FB,2020-03-31,https://www.sec.gov/ix?doc=/Archives/edgar/data/1326801/000132680120000048/fb-03312020x10q.htm,10-Q,1326801
38,FB,2019-09-30,https://www.sec.gov/ix?doc=/Archives/edgar/data/1326801/000132680119000069/fb-09302019x10q.htm,10-Q,1326801
39,FB,2019-06-30,https://www.sec.gov/ix?doc=/Archives/edgar/data/1326801/000132680119000055/fb-06302019x10q.htm,10-Q,1326801
40,FB,2019-03-31,https://www.sec.gov/Archives/edgar/data/1326801/000132680119000037/fb-03312019x10q.htm,10-Q,1326801
41,FB,2018-09-30,https://www.sec.gov/Archives/edgar/data/1326801/000132680118000067/fb-09302018x10q.htm,10-Q,1326801
42,FB,2018-06-30,https://www.sec.gov/Archives/edgar/data/1326801/000132680118000057/fb-06302018x10q.htm,10-Q,1326801
43,FB,2018-03-31,https://www.sec.gov/Archives/edgar/data/1326801/000132680118000032/fb-03312018x10q.htm,10-Q,1326801
44,FB,2017-09-30,https://www.sec.gov/Archives/edgar/data/1326801/000132680117000053/fb-09302017x10q.htm,10-Q,1326801
45,FB,2017-06-30,https://www.sec.gov/Archives/edgar/data/1326801/000132680117000038/fb-06302017x10q.htm,10-Q,1326801
46,FB,2017-03-31,https://www.sec.gov/Archives/edgar/data/1326801/000132680117000024/fb-03312017x10q.htm,10-Q,1326801
47,FB,2016-09-30,https://www.sec.gov/Archives/edgar/data/1326801/000132680116000087/fb-9302016x10q.htm,10-Q,1326801
48,FB,2016-06-30,https://www.sec.gov/Archives/edgar/data/1326801/000132680116000082/fb-6302016x10q.htm,10-Q,1326801
49,FB,2016-03-31,https://www.sec.gov/Archives/edgar/data/1326801/000132680116000067/fb-3312016x10q.htm,10-Q,1326801
50,FB,2015-09-30,https://www.sec.gov/Archives/edgar/data/1326801/000132680115000032/fb-9302015x10q.htm,10-Q,1326801
51,FB,2015-06-30,https://www.sec.gov/Archives/edgar/data/1326801/000132680115000028/fb-6302015x10q.htm,10-Q,1326801
52,FB,2015-03-31,https://www.sec.gov/Archives/edgar/data/1326801/000132680115000015/fb-3312015x10q.htm,10-Q,1326801
53,FB,2014-09-30,https://www.sec.gov/Archives/edgar/data/1326801/000132680114000068/fb-9302014x10q.htm,10-Q,1326801
54,FB,2014-06-30,https://www.sec.gov/Archives/edgar/data/1326801/000132680114000032/fb-6302014x10q.htm,10-Q,1326801
55,FB,2014-03-31,https://www.sec.gov/Archives/edgar/data/1326801/000132680114000023/fb-3312014x10q.htm,10-Q,1326801
56,FB,2013-09-30,https://www.sec.gov/Archives/edgar/data/1326801/000132680113000031/fb-9302013x10q.htm,10-Q,1326801
57,FB,2013-06-30,https://www.sec.gov/Archives/edgar/data/1326801/000132680113000019/fb-6302013x10q.htm,10-Q,1326801
58,FB,2013-03-31,https://www.sec.gov/Archives/edgar/data/1326801/000132680113000011/fb-3312013x10q.htm,10-Q,1326801
59,FB,2012-09-30,https://www.sec.gov/Archives/edgar/data/1326801/000132680112000006/fb-9302012x10q.htm,10-Q,1326801
60,FB,2012-06-30,https://www.sec.gov/Archives/edgar/data/1326801/000119312512325997/d371464d10q.htm,10-Q,1326801
61,UBER,2022-03-31,https://www.sec.gov/ix?doc=/Archives/edgar/data/1543151/000154315122000015/uber-20220331.htm,10-Q,1543151
62,UBER,2021-09-30,https://www.sec.gov/Archives/edgar/data/1543151/000154315121000047/uber-20210930.htm,10-Q,1543151
63,UBER,2021-06-30,https://www.sec.gov/Archives/edgar/data/1543151/000154315121000038/uber-20210630.htm,10-Q,1543151
64,UBER,2021-03-31,https://www.sec.gov/Archives/edgar/data/1543151/000154315121000029/uber-20210331.htm,10-Q,1543151
65,UBER,2020-09-30,https://www.sec.gov/Archives/edgar/data/1543151/000162828020015936/uber-20200930.htm,10-Q,1543151
66,UBER,2020-06-30,https://www.sec.gov/ix?doc=/Archives/edgar/data/1543151/000154315120000029/uber-20200630.htm,10-Q,1543151
67,UBER,2020-03-31,https://www.sec.gov/ix?doc=/Archives/edgar/data/1543151/000154315120000022/fy2020q1financialstate.htm,10-Q,1543151
68,UBER,2019-09-30,https://www.sec.gov/ix?doc=/Archives/edgar/data/1543151/000154315119000017/fy2019q3financialstate.htm,10-Q,1543151
69,UBER,2019-06-30,https://www.sec.gov/ix?doc=/Archives/edgar/data/1543151/000154315119000009/fy2019q2financialstate.htm,10-Q,1543151
70,UBER,2019-03-31,https://www.sec.gov/ix?doc=/Archives/edgar/data/1543151/000162828019007524/fy2019q1financialstate.htm,10-Q,1543151
71,MCHP,2021-12-31,https://www.sec.gov/Archives/edgar/data/827054/000082705422000025/mchp-20211231.htm,10-Q,827054
72,MCHP,2021-09-30,https://www.sec.gov/Archives/edgar/data/827054/000082705421000280/mchp-20210930.htm,10-Q,827054
73,MCHP,2021-06-30,https://www.sec.gov/Archives/edgar/data/827054/000082705421000187/mchp-20210630.htm,10-Q,827054
74,MCHP,2020-12-31,https://www.sec.gov/Archives/edgar/data/827054/000082705421000025/mchp-20201231.htm,10-Q,827054
75,MCHP,2020-09-30,https://www.sec.gov/Archives/edgar/data/827054/000082705420000278/mchp-20200930.htm,10-Q,827054
76,MCHP,2020-06-30,https://www.sec.gov/ix?doc=/Archives/edgar/data/827054/000082705420000186/a2020-06x3010q.htm,10-Q,827054
77,MCHP,2019-12-31,https://www.sec.gov/ix?doc=/Archives/edgar/data/827054/000082705420000029/a2019-12x3110q.htm,10-Q,827054
78,MCHP,2019-09-30,https://www.sec.gov/ix?doc=/Archives/edgar/data/827054/000082705419000288/a2019-09x3010k10q.htm,10-Q,827054
79,MCHP,2019-06-30,https://www.sec.gov/ix?doc=/Archives/edgar/data/827054/000082705419000197/a2019-06x3010k10q.htm,10-Q,827054
80,MCHP,2018-12-31,https://www.sec.gov/Archives/edgar/data/827054/000082705419000018/a1231201810qq3fy19.htm,10-Q,827054
81,MCHP,2018-09-30,https://www.sec.gov/Archives/edgar/data/827054/000082705418000249/a930201810qq2fy19.htm,10-Q,827054
82,MCHP,2018-06-30,https://www.sec.gov/Archives/edgar/data/827054/000082705418000143/a630201810qq1fy19.htm,10-Q,827054
83,MCHP,2017-12-31,https://www.sec.gov/Archives/edgar/data/827054/000082705418000021/a1231201710q.htm,10-Q,827054
84,MCHP,2017-09-30,https://www.sec.gov/Archives/edgar/data/827054/000082705417000203/a0930201710q.htm,10-Q,827054
85,MCHP,2017-06-30,https://www.sec.gov/Archives/edgar/data/827054/000082705417000132/a0630201710q.htm,10-Q,827054
86,MCHP,2016-12-31,https://www.sec.gov/Archives/edgar/data/827054/000082705417000018/a1231201610q.htm,10-Q,827054
87,MCHP,2016-09-30,https://www.sec.gov/Archives/edgar/data/827054/000082705416000472/a930201610q.htm,10-Q,827054
88,MCHP,2016-06-30,https://www.sec.gov/Archives/edgar/data/827054/000082705416000385/a630201610q.htm,10-Q,827054
89,MCHP,2015-12-31,https://www.sec.gov/Archives/edgar/data/827054/000082705416000265/a1231201510q.htm,10-Q,827054
90,MCHP,2015-09-30,https://www.sec.gov/Archives/edgar/data/827054/000082705415000218/a0930201510q.htm,10-Q,827054
91,MCHP,2015-06-30,https://www.sec.gov/Archives/edgar/data/827054/000082705415000134/a2015063010q.htm,10-Q,827054
92,MCHP,2014-12-31,https://www.sec.gov/Archives/edgar/data/827054/000082705415000017/a2014123110q.htm,10-Q,827054
93,MCHP,2014-09-30,https://www.sec.gov/Archives/edgar/data/827054/000082705414000250/a2014093010q.htm,10-Q,827054
94,MCHP,2014-06-30,https://www.sec.gov/Archives/edgar/data/827054/000082705414000176/a2014063010q.htm,10-Q,827054
95,MCHP,2013-12-31,https://www.sec.gov/Archives/edgar/data/827054/000082705414000023/a2013123110q.htm,10-Q,827054
96,MCHP,2013-09-30,https://www.sec.gov/Archives/edgar/data/827054/000082705413000321/a2013093010q.htm,10-Q,827054
97,MCHP,2013-06-30,https://www.sec.gov/Archives/edgar/data/827054/000082705413000216/a2013063010q.htm,10-Q,827054
98,MCHP,2012-12-31,https://www.sec.gov/Archives/edgar/data/827054/000082705413000050/a2012123110q.htm,10-Q,827054
99,MCHP,2012-09-30,https://www.sec.gov/Archives/edgar/data/827054/000082705412000342/a2012093010q.htm,10-Q,827054
100,MCHP,2012-06-30,https://www.sec.gov/Archives/edgar/data/827054/000082705412000230/a2012063010q.htm,10-Q,827054
101,ABNB,2022-03-31,https://www.sec.gov/Archives/edgar/data/1559720/000155972022000009/abnb-20220331.htm,10-Q,1559720
102,ABNB,2021-09-30,https://www.sec.gov/Archives/edgar/data/1559720/000155972021000017/abnb-20210930.htm,10-Q,1559720
103,ABNB,2021-06-30,https://www.sec.gov/Archives/edgar/data/1559720/000162828021016979/abnb-20210630.htm,10-Q,1559720
104,ABNB,2021-03-31,https://www.sec.gov/Archives/edgar/data/1559720/000162828021010389/abnb-20210331.htm,10-Q,1559720
105,FANG,2022-03-31,https://www.sec.gov/ix?doc=/Archives/edgar/data/1539838/000153983822000058/fang-20220331.htm,10-Q,1539838
106,FANG,2021-09-30,https://www.sec.gov/Archives/edgar/data/1539838/000153983821000126/fang-20210930.htm,10-Q,1539838
107,FANG,2021-06-30,https://www.sec.gov/Archives/edgar/data/1539838/000153983821000117/fang-20210630.htm,10-Q,1539838
108,FANG,2021-03-31,https://www.sec.gov/Archives/edgar/data/1539838/000153983821000069/fang-20210331.htm,10-Q,1539838
109,FANG,2020-09-30,https://www.sec.gov/Archives/edgar/data/1539838/000153983820000111/fang-20200930.htm,10-Q,1539838
110,FANG,2020-06-30,https://www.sec.gov/ix?doc=/Archives/edgar/data/1539838/000153983820000101/fang-20200630.htm,10-Q,1539838
111,FANG,2020-03-31,https://www.sec.gov/ix?doc=/Archives/edgar/data/1539838/000153983820000054/q12020diamondback10-q.htm,10-Q,1539838
112,FANG,2019-09-30,https://www.sec.gov/ix?doc=/Archives/edgar/data/1539838/000153983819000117/q32019diamondback10-q.htm,10-Q,1539838
113,FANG,2019-06-30,https://www.sec.gov/ix?doc=/Archives/edgar/data/1539838/000153983819000095/q22019diamondback10-q.htm,10-Q,1539838
114,FANG,2019-03-31,https://www.sec.gov/ix?doc=/Archives/edgar/data/1539838/000153983819000057/q12019diamondback10-q.htm,10-Q,1539838
115,FANG,2018-09-30,https://www.sec.gov/Archives/edgar/data/1539838/000153983818000117/q32018diamondback10-q.htm,10-Q,1539838
116,FANG,2018-06-30,https://www.sec.gov/Archives/edgar/data/1539838/000153983818000093/q22018diamondback10-q.htm,10-Q,1539838
117,FANG,2018-03-31,https://www.sec.gov/Archives/edgar/data/1539838/000153983818000054/q12018diamondback10-q.htm,10-Q,1539838
118,FANG,2017-09-30,https://www.sec.gov/Archives/edgar/data/1539838/000153983817000127/q32017diamondback10-q.htm,10-Q,1539838
119,FANG,2017-06-30,https://www.sec.gov/Archives/edgar/data/1539838/000153983817000105/q22017diamondback10-q.htm,10-Q,1539838
120,FANG,2017-03-31,https://www.sec.gov/Archives/edgar/data/1539838/000153983817000076/q12017diamondback10-q.htm,10-Q,1539838
121,FANG,2016-09-30,https://www.sec.gov/Archives/edgar/data/1539838/000153983816000253/q32016diamondback10-q.htm,10-Q,1539838
122,FANG,2016-06-30,https://www.sec.gov/Archives/edgar/data/1539838/000153983816000209/q22016diamondback10-q.htm,10-Q,1539838
123,FANG,2016-03-31,https://www.sec.gov/Archives/edgar/data/1539838/000153983816000171/q12016diamondback10-q.htm,10-Q,1539838
124,FANG,2015-09-30,https://www.sec.gov/Archives/edgar/data/1539838/000153983815000090/q32015diamondback10-qa.htm,10-Q/A,1539838
125,FANG,2015-09-30,https://www.sec.gov/Archives/edgar/data/1539838/000153983815000071/q32015diamondback10-q.htm,10-Q,1539838
126,FANG,2015-06-30,https://www.sec.gov/Archives/edgar/data/1539838/000153983815000037/a6301510-q.htm,10-Q,1539838
127,FANG,2015-03-31,https://www.sec.gov/Archives/edgar/data/1539838/000153983815000015/a3311510-q.htm,10-Q,1539838
128,FANG,2014-09-30,https://www.sec.gov/Archives/edgar/data/1539838/000153983814000115/a9301410-q.htm,10-Q,1539838
129,FANG,2014-06-30,https://www.sec.gov/Archives/edgar/data/1539838/000153983814000081/a6301410-q.htm,10-Q,1539838
130,FANG,2014-03-31,https://www.sec.gov/Archives/edgar/data/1539838/000153983814000058/q12014diamondback10-qa.htm,10-Q/A,1539838
131,FANG,2014-03-31,https://www.sec.gov/Archives/edgar/data/1539838/000153983814000054/a3311410-q.htm,10-Q,1539838
132,FANG,2013-09-30,https://www.sec.gov/Archives/edgar/data/1539838/000153983813000093/a9301310-q.htm,10-Q,1539838
133,FANG,2013-06-30,https://www.sec.gov/Archives/edgar/data/1539838/000153983813000053/a6301310-q.htm,10-Q,1539838
134,FANG,2013-03-31,https://www.sec.gov/Archives/edgar/data/1539838/000153983813000029/a3311310-q.htm,10-Q,1539838
135,FANG,2012-09-30,https://www.sec.gov/Archives/edgar/data/1539838/000153983812000006/a10-qadiamonbackenergyinc.htm,10-Q/A,1539838
136,FANG,2012-09-30,https://www.sec.gov/Archives/edgar/data/1539838/000153983812000004/a9301210-q.htm,10-Q,1539838
137,MRO,2022-03-31,https://www.sec.gov/Archives/edgar/data/101778/000010177822000118/mro-20220331.htm,10-Q,101778
138,MRO,2021-09-30,https://www.sec.gov/Archives/edgar/data/101778/000010177821000109/mro-20210930.htm,10-Q,101778
139,MRO,2021-06-30,https://www.sec.gov/Archives/edgar/data/101778/000010177821000099/mro-20210630.htm,10-Q,101778
140,MRO,2021-03-31,https://www.sec.gov/Archives/edgar/data/101778/000010177821000083/mro-20210331.htm,10-Q,101778
141,MRO,2020-09-30,https://www.sec.gov/Archives/edgar/data/101778/000010177820000111/mro-20200930.htm,10-Q,101778
142,MRO,2020-06-30,https://www.sec.gov/ix?doc=/Archives/edgar/data/101778/000010177820000103/mro-20200630.htm,10-Q,101778
143,MRO,2020-03-31,https://www.sec.gov/ix?doc=/Archives/edgar/data/101778/000010177820000081/mro-2020331x10q.htm,10-Q,101778
144,MRO,2019-09-30,https://www.sec.gov/ix?doc=/Archives/edgar/data/101778/000010177819000113/mro-20190930x10q.htm,10-Q,101778
145,MRO,2019-06-30,https://www.sec.gov/ix?doc=/Archives/edgar/data/101778/000010177819000093/mro-20190630x10q.htm,10-Q,101778
146,MRO,2019-03-31,https://www.sec.gov/ix?doc=/Archives/edgar/data/101778/000010177819000070/mro-20190331x10q.htm,10-Q,101778
147,MRO,2018-09-30,https://www.sec.gov/Archives/edgar/data/101778/000010177818000118/mro-20180930x10q.htm,10-Q,101778
148,MRO,2018-06-30,https://www.sec.gov/Archives/edgar/data/101778/000010177818000107/mro-20180630x10q.htm,10-Q,101778
149,MRO,2018-03-31,https://www.sec.gov/Archives/edgar/data/101778/000010177818000091/mro-20180331x10q.htm,10-Q,101778
150,MRO,2017-09-30,https://www.sec.gov/Archives/edgar/data/101778/000010177817000121/mro-20170930x10q.htm,10-Q,101778
151,MRO,2017-06-30,https://www.sec.gov/Archives/edgar/data/101778/000010177817000108/mro-20170630x10q.htm,10-Q,101778
152,MRO,2017-03-31,https://www.sec.gov/Archives/edgar/data/101778/000010177817000078/mro-20170331x10q.htm,10-Q,101778
153,MRO,2016-09-30,https://www.sec.gov/Archives/edgar/data/101778/000010177816000103/mro-20160930x10q.htm,10-Q,101778
154,MRO,2016-06-30,https://www.sec.gov/Archives/edgar/data/101778/000010177816000079/mro-20160630x10q.htm,10-Q,101778
155,MRO,2016-03-31,https://www.sec.gov/Archives/edgar/data/101778/000010177816000067/mro-20160331x10q.htm,10-Q,101778
156,MRO,2015-09-30,https://www.sec.gov/Archives/edgar/data/101778/000010177815000038/mro-20150930x10q.htm,10-Q,101778
157,MRO,2015-06-30,https://www.sec.gov/Archives/edgar/data/101778/000010177815000026/mro-20150630x10q.htm,10-Q,101778
158,MRO,2015-03-31,https://www.sec.gov/Archives/edgar/data/101778/000010177815000016/mro-20150331x10q.htm,10-Q,101778
159,MRO,2014-09-30,https://www.sec.gov/Archives/edgar/data/101778/000010177814000078/mro-2014930x10q.htm,10-Q,101778
160,MRO,2014-06-30,https://www.sec.gov/Archives/edgar/data/101778/000010177814000060/mro-2014630x10qa.htm,10-Q/A,101778
161,MRO,2014-06-30,https://www.sec.gov/Archives/edgar/data/101778/000010177814000054/mro-2014630x10q.htm,10-Q,101778
162,MRO,2014-03-31,https://www.sec.gov/Archives/edgar/data/101778/000010177814000026/mro-2014331x10q.htm,10-Q,101778
163,MRO,2013-09-30,https://www.sec.gov/Archives/edgar/data/101778/000010177813000049/mro-2013930x10q.htm,10-Q,101778
164,MRO,2013-06-30,https://www.sec.gov/Archives/edgar/data/101778/000010177813000034/mro-2013630x10q.htm,10-Q,101778
165,MRO,2013-03-31,https://www.sec.gov/Archives/edgar/data/101778/000010177813000019/mro-2013331x10q.htm,10-Q,101778
166,MRO,2012-09-30,https://www.sec.gov/Archives/edgar/data/101778/000010177812000029/mro-2012930x10q.htm,10-Q,101778
167,MRO,2012-06-30,https://www.sec.gov/Archives/edgar/data/101778/000114036112035104/form10q2012q1.htm,10-Q,101778
168,DVN,2022-03-31,https://www.sec.gov/Archives/edgar/data/1090012/000095017022007007/dvn-20220331.htm,10-Q,1090012
169,DVN,2021-09-30,https://www.sec.gov/Archives/edgar/data/1090012/000156459021053780/dvn-10q_20210930.htm,10-Q,1090012
170,DVN,2021-06-30,https://www.sec.gov/Archives/edgar/data/1090012/000156459021040600/dvn-10q_20210630.htm,10-Q,1090012
171,DVN,2021-03-31,https://www.sec.gov/Archives/edgar/data/1090012/000156459021023786/dvn-10q_20210331.htm,10-Q,1090012
172,DVN,2020-09-30,https://www.sec.gov/Archives/edgar/data/1090012/000156459020049203/dvn-10q_20200930.htm,10-Q,1090012
173,DVN,2020-06-30,https://www.sec.gov/ix?doc=/Archives/edgar/data/1090012/000156459020036568/dvn-10q_20200630.htm,10-Q,1090012
174,DVN,2020-03-31,https://www.sec.gov/ix?doc=/Archives/edgar/data/1090012/000156459020021639/dvn-10q_20200331.htm,10-Q,1090012
175,DVN,2019-09-30,https://www.sec.gov/ix?doc=/Archives/edgar/data/1090012/000156459019040774/dvn-10q_20190930.htm,10-Q,1090012
176,DVN,2019-06-30,https://www.sec.gov/ix?doc=/Archives/edgar/data/1090012/000156459019029786/dvn-10q_20190630.htm,10-Q,1090012
177,DVN,2019-03-31,https://www.sec.gov/ix?doc=/Archives/edgar/data/1090012/000156459019014637/dvn-10q_20190331.htm,10-Q,1090012
178,DVN,2018-09-30,https://www.sec.gov/ix?doc=/Archives/edgar/data/1090012/000156459018027813/dvn-10q_20180930.htm,10-Q,1090012
179,DVN,2018-06-30,https://www.sec.gov/Archives/edgar/data/1090012/000156459018018317/dvn-10q_20180630.htm,10-Q,1090012
180,DVN,2018-03-31,https://www.sec.gov/Archives/edgar/data/1090012/000156459018010177/dvn-10q_20180331.htm,10-Q,1090012
181,DVN,2017-09-30,https://www.sec.gov/Archives/edgar/data/1090012/000156459017020684/dvn-10q_20170930.htm,10-Q,1090012
182,DVN,2017-06-30,https://www.sec.gov/Archives/edgar/data/1090012/000156459017014800/dvn-10q_20170630.htm,10-Q,1090012
183,DVN,2017-03-31,https://www.sec.gov/Archives/edgar/data/1090012/000156459017008268/dvn-10q_20170331.htm,10-Q,1090012
184,DVN,2016-09-30,https://www.sec.gov/Archives/edgar/data/1090012/000156459016026889/dvn-10q_20160930.htm,10-Q,1090012
185,DVN,2016-06-30,https://www.sec.gov/Archives/edgar/data/1090012/000156459016022255/dvn-10q_20160630.htm,10-Q,1090012
186,DVN,2016-03-31,https://www.sec.gov/Archives/edgar/data/1090012/000119312516577021/d172210d10q.htm,10-Q,1090012
187,DVN,2015-09-30,https://www.sec.gov/Archives/edgar/data/1090012/000119312515365650/d23744d10q.htm,10-Q,1090012
188,DVN,2015-06-30,https://www.sec.gov/Archives/edgar/data/1090012/000119312515278454/d26549d10q.htm,10-Q,1090012
189,DVN,2015-03-31,https://www.sec.gov/Archives/edgar/data/1090012/000119312515174003/d913733d10q.htm,10-Q,1090012
190,DVN,2014-09-30,https://www.sec.gov/Archives/edgar/data/1090012/000119312514397861/d808328d10q.htm,10-Q,1090012
191,DVN,2014-06-30,https://www.sec.gov/Archives/edgar/data/1090012/000119312514298369/d761940d10q.htm,10-Q,1090012
192,DVN,2014-03-31,https://www.sec.gov/Archives/edgar/data/1090012/000119312514192498/d718246d10q.htm,10-Q,1090012
193,DVN,2013-09-30,https://www.sec.gov/Archives/edgar/data/1090012/000119312513429977/d620405d10q.htm,10-Q,1090012
194,DVN,2013-06-30,https://www.sec.gov/Archives/edgar/data/1090012/000119312513323925/d569585d10q.htm,10-Q,1090012
195,DVN,2013-03-31,https://www.sec.gov/Archives/edgar/data/1090012/000119312513192272/d524180d10q.htm,10-Q,1090012
196,DVN,2012-09-30,https://www.sec.gov/Archives/edgar/data/1090012/000119312512457117/d435808d10q.htm,10-Q,1090012
197,DVN,2012-06-30,https://www.sec.gov/Archives/edgar/data/1090012/000119312512329113/d388411d10q.htm,10-Q,1090012
198,SPWR,2022-04-03,https://www.sec.gov/Archives/edgar/data/867773/000086777322000029/spwr-20220403.htm,10-Q,867773
199,SPWR,2021-10-03,https://www.sec.gov/Archives/edgar/data/867773/000086777321000076/spwr-20211003.htm,10-Q,867773
200,SPWR,2021-07-04,https://www.sec.gov/Archives/edgar/data/867773/000086777321000060/spwr-20210704.htm,10-Q,867773
201,SPWR,2021-04-04,https://www.sec.gov/Archives/edgar/data/867773/000086777321000045/spwr-20210404.htm,10-Q,867773
202,SPWR,2020-09-27,https://www.sec.gov/Archives/edgar/data/867773/000086777320000098/spwr-20200927.htm,10-Q,867773
203,SPWR,2020-06-28,https://www.sec.gov/ix?doc=/Archives/edgar/data/867773/000086777320000076/spwr-20200628.htm,10-Q,867773
204,SPWR,2020-03-29,https://www.sec.gov/ix?doc=/Archives/edgar/data/867773/000086777320000041/spwr-20200329.htm,10-Q,867773
205,SPWR,2019-09-29,https://www.sec.gov/ix?doc=/Archives/edgar/data/867773/000086777319000066/spwr0929201910-q.htm,10-Q,867773
206,SPWR,2019-06-30,https://www.sec.gov/ix?doc=/Archives/edgar/data/867773/000086777319000047/spwr0630201910-q.htm,10-Q,867773
207,SPWR,2019-03-31,https://www.sec.gov/ix?doc=/Archives/edgar/data/867773/000086777319000023/spwr0331201910-q.htm,10-Q,867773
208,SPWR,2018-09-30,https://www.sec.gov/Archives/edgar/data/867773/000086777318000082/spwr_09302018x10-q.htm,10-Q,867773
209,SPWR,2018-06-30,https://www.sec.gov/Archives/edgar/data/867773/000086777318000067/spwr_07012018x10-q.htm,10-Q,867773
210,SPWR,2018-04-01,https://www.sec.gov/Archives/edgar/data/867773/000086777318000041/spwr_04012018x10-q.htm,10-Q,867773
211,SPWR,2017-10-01,https://www.sec.gov/Archives/edgar/data/867773/000086777317000066/spwr_10012017x10-q.htm,10-Q,867773
212,SPWR,2017-07-02,https://www.sec.gov/Archives/edgar/data/867773/000086777317000053/spwr_07022017x10-q.htm,10-Q,867773
213,SPWR,2017-04-02,https://www.sec.gov/Archives/edgar/data/867773/000086777317000040/spwr_04022017x10-q.htm,10-Q,867773
214,SPWR,2016-10-02,https://www.sec.gov/Archives/edgar/data/867773/000086777316000169/spwr_10022016x10-q.htm,10-Q,867773
215,SPWR,2016-07-03,https://www.sec.gov/Archives/edgar/data/867773/000086777316000145/spwr_07032016x10-q.htm,10-Q,867773
216,SPWR,2016-04-03,https://www.sec.gov/Archives/edgar/data/867773/000086777316000120/spwr_04032016x10-q.htm,10-Q,867773
217,SPWR,2015-09-27,https://www.sec.gov/Archives/edgar/data/867773/000086777315000075/spwr_09272015x10-q.htm,10-Q,867773
218,SPWR,2015-06-28,https://www.sec.gov/Archives/edgar/data/867773/000086777315000074/spwr_06282015x10-qa.htm,10-Q/A,867773
219,SPWR,2015-06-28,https://www.sec.gov/Archives/edgar/data/867773/000086777315000063/spwr_06282015x10-q.htm,10-Q,867773
220,SPWR,2015-03-29,https://www.sec.gov/Archives/edgar/data/867773/000086777315000028/spwr_03292015x10-q.htm,10-Q,867773
221,SPWR,2014-09-28,https://www.sec.gov/Archives/edgar/data/867773/000086777314000053/spwr_09282014x10-q.htm,10-Q,867773
222,SPWR,2014-06-29,https://www.sec.gov/Archives/edgar/data/867773/000086777314000039/spwr_06292014x10-q.htm,10-Q,867773
223,SPWR,2014-03-30,https://www.sec.gov/Archives/edgar/data/867773/000086777314000027/spwr_03302014x10-q.htm,10-Q,867773
224,SPWR,2013-09-29,https://www.sec.gov/Archives/edgar/data/867773/000086777313000064/spwr_09292013x10-q.htm,10-Q,867773
225,SPWR,2013-06-30,https://www.sec.gov/Archives/edgar/data/867773/000086777313000052/spwr_06302013x10-q.htm,10-Q,867773
226,SPWR,2013-03-31,https://www.sec.gov/Archives/edgar/data/867773/000086777313000030/spwr_03312013x10-q.htm,10-Q,867773
227,SPWR,2012-09-30,https://www.sec.gov/Archives/edgar/data/867773/000086777312000060/spwr_09302012x10-q.htm,10-Q,867773
228,SPWR,2012-07-01,https://www.sec.gov/Archives/edgar/data/867773/000086777312000044/spwr_07012012x10-q.htm,10-Q,867773
229,REGI,2022-03-31,https://www.sec.gov/ix?doc=/Archives/edgar/data/1463258/000162828022012703/regi-20220331.htm,10-Q,1463258
230,REGI,2021-09-30,https://www.sec.gov/Archives/edgar/data/1463258/000162828021021759/regi-20210930.htm,10-Q,1463258
231,REGI,2021-06-30,https://www.sec.gov/Archives/edgar/data/1463258/000162828021015931/regi-20210630.htm,10-Q,1463258
232,REGI,2021-03-31,https://www.sec.gov/Archives/edgar/data/1463258/000162828021008746/regi-20210331.htm,10-Q,1463258
233,REGI,2020-09-30,https://www.sec.gov/Archives/edgar/data/1463258/000162828020015948/regi-20200930.htm,10-Q,1463258
234,REGI,2020-06-30,https://www.sec.gov/ix?doc=/Archives/edgar/data/1463258/000162828020011787/regi2020q210-q.htm,10-Q,1463258
235,REGI,2020-03-31,https://www.sec.gov/ix?doc=/Archives/edgar/data/1463258/000162828020006101/regi2020q110-q.htm,10-Q,1463258
236,REGI,2019-09-30,https://www.sec.gov/ix?doc=/Archives/edgar/data/1463258/000162828019013480/regi2019q310-q.htm,10-Q,1463258
237,REGI,2019-06-30,https://www.sec.gov/ix?doc=/Archives/edgar/data/1463258/000162828019010299/regi2019q210-q.htm,10-Q,1463258
238,REGI,2019-03-31,https://www.sec.gov/Archives/edgar/data/1463258/000162828019005819/regi2019q110-q.htm,10-Q,1463258
239,REGI,2018-09-30,https://www.sec.gov/ix?doc=/Archives/edgar/data/1463258/000162828018013886/regi2018q310-q.htm,10-Q,1463258
240,REGI,2018-06-30,https://www.sec.gov/Archives/edgar/data/1463258/000162828018010703/regi-2018q2x10q.htm,10-Q,1463258
241,REGI,2018-03-31,https://www.sec.gov/Archives/edgar/data/1463258/000162828018005991/regi-2018q1x10q.htm,10-Q,1463258
242,REGI,2017-09-30,https://www.sec.gov/Archives/edgar/data/1463258/000162828017011191/regi-2017q3x10q.htm,10-Q,1463258
243,REGI,2017-06-30,https://www.sec.gov/Archives/edgar/data/1463258/000162828017008139/regi-2017q2x10q.htm,10-Q,1463258
244,REGI,2017-03-31,https://www.sec.gov/Archives/edgar/data/1463258/000162828017005066/regi-2017q1x10q.htm,10-Q,1463258
245,REGI,2016-09-30,https://www.sec.gov/Archives/edgar/data/1463258/000162828016020886/regi-2016q3x10q.htm,10-Q,1463258
246,REGI,2016-06-30,https://www.sec.gov/Archives/edgar/data/1463258/000162828016018637/regi-2016q2x10q.htm,10-Q,1463258
247,REGI,2016-03-31,https://www.sec.gov/Archives/edgar/data/1463258/000162828016015966/regi-2016q1x10q.htm,10-Q,1463258
248,REGI,2015-09-30,https://www.sec.gov/Archives/edgar/data/1463258/000162828015008563/regi-2015q3x10q.htm,10-Q,1463258
249,REGI,2015-06-30,https://www.sec.gov/Archives/edgar/data/1463258/000162828015006262/regi-2015q2x10q.htm,10-Q,1463258
250,REGI,2015-03-31,https://www.sec.gov/Archives/edgar/data/1463258/000162828015003904/regi-2015q1x10q.htm,10-Q,1463258
251,REGI,2014-09-30,https://www.sec.gov/Archives/edgar/data/1463258/000144530514004893/regi-2014q3x10q.htm,10-Q,1463258
252,REGI,2014-06-30,https://www.sec.gov/Archives/edgar/data/1463258/000144530514003551/regi-2014q2x10q.htm,10-Q,1463258
253,REGI,2014-03-31,https://www.sec.gov/Archives/edgar/data/1463258/000144530514002070/regi-2014q1x10q.htm,10-Q,1463258
254,REGI,2013-09-30,https://www.sec.gov/Archives/edgar/data/1463258/000156459013001163/regi-10q_20131001.htm,10-Q,1463258
255,REGI,2013-06-30,https://www.sec.gov/Archives/edgar/data/1463258/000156459013000302/regi-10q_20130629.htm,10-Q,1463258
256,REGI,2013-03-31,https://www.sec.gov/Archives/edgar/data/1463258/000095012313003418/regi-10q_20130331.htm,10-Q,1463258
257,REGI,2012-09-30,https://www.sec.gov/Archives/edgar/data/1463258/000119312512460847/d398377d10q.htm,10-Q,1463258
258,REGI,2012-06-30,https://www.sec.gov/Archives/edgar/data/1463258/000119312512355910/d331023d10q.htm,10-Q,1463258
259,MTRX,2022-03-31,https://www.sec.gov/Archives/edgar/data/866273/000086627322000021/mtrx-20220331.htm,10-Q,866273
260,MTRX,2021-12-31,https://www.sec.gov/Archives/edgar/data/866273/000086627322000008/mtrx-20211231.htm,10-Q,866273
261,MTRX,2021-09-30,https://www.sec.gov/Archives/edgar/data/866273/000086627321000116/mtrx-20210930.htm,10-Q,866273
262,MTRX,2021-03-31,https://www.sec.gov/Archives/edgar/data/866273/000086627321000022/mtrx-20210331.htm,10-Q,866273
263,MTRX,2020-12-31,https://www.sec.gov/Archives/edgar/data/866273/000086627321000008/mtrx-20201231.htm,10-Q,866273
264,MTRX,2020-09-30,https://www.sec.gov/Archives/edgar/data/866273/000086627320000135/mtrx-20200930.htm,10-Q,866273
265,MTRX,2020-03-31,https://www.sec.gov/ix?doc=/Archives/edgar/data/866273/000086627320000019/mtrx-2020x03x31x10q.htm,10-Q,866273
266,MTRX,2019-12-31,https://www.sec.gov/ix?doc=/Archives/edgar/data/866273/000086627320000005/mtrx-2019x12x31x10q.htm,10-Q,866273
267,MTRX,2019-09-30,https://www.sec.gov/ix?doc=/Archives/edgar/data/866273/000086627319000117/mtrx-2019x9x30x10q.htm,10-Q,866273
268,MTRX,2019-03-31,https://www.sec.gov/Archives/edgar/data/866273/000086627319000024/mtrx-2019x3x31x10q.htm,10-Q,866273
269,MTRX,2018-12-31,https://www.sec.gov/Archives/edgar/data/866273/000086627319000009/mtrx-2018x12x31x10q.htm,10-Q,866273
270,MTRX,2018-09-30,https://www.sec.gov/Archives/edgar/data/866273/000086627318000128/mtrx-2018x9x30x10q.htm,10-Q,866273
271,MTRX,2018-03-31,https://www.sec.gov/Archives/edgar/data/866273/000086627318000025/mtrx-2018x3x31x10q.htm,10-Q,866273
272,MTRX,2017-12-31,https://www.sec.gov/Archives/edgar/data/866273/000086627318000008/mtrx-2017x12x31x10q.htm,10-Q,866273
273,MTRX,2017-09-30,https://www.sec.gov/Archives/edgar/data/866273/000086627317000122/mtrx-2017x9x30x10q.htm,10-Q,866273
274,MTRX,2017-03-31,https://www.sec.gov/Archives/edgar/data/866273/000086627317000018/mtrx-2017x3x31x10q.htm,10-Q,866273
275,MTRX,2016-12-31,https://www.sec.gov/Archives/edgar/data/866273/000086627317000006/mtrx-2016x12x31x10q.htm,10-Q,866273
276,MTRX,2016-09-30,https://www.sec.gov/Archives/edgar/data/866273/000086627316000241/mtrx-2016x9x30x10q.htm,10-Q,866273
277,MTRX,2016-03-31,https://www.sec.gov/Archives/edgar/data/866273/000086627316000163/mtrx-2016x3x31x10q.htm,10-Q,866273
278,MTRX,2015-12-31,https://www.sec.gov/Archives/edgar/data/866273/000086627316000141/mtrx-2015x12x31x10q.htm,10-Q,866273
279,MTRX,2015-09-30,https://www.sec.gov/Archives/edgar/data/866273/000086627315000094/mtrx-2015x09x30x10q.htm,10-Q,866273
280,MTRX,2015-03-31,https://www.sec.gov/Archives/edgar/data/866273/000086627315000030/mtrx-2015x03x31x10q.htm,10-Q,866273
281,MTRX,2014-12-31,https://www.sec.gov/Archives/edgar/data/866273/000086627315000008/mtrx-2014x12x31x10q.htm,10-Q,866273
282,MTRX,2014-09-30,https://www.sec.gov/Archives/edgar/data/866273/000086627314000106/mtrx-2014x09x30x10q.htm,10-Q,866273
283,MTRX,2014-03-31,https://www.sec.gov/Archives/edgar/data/866273/000086627314000055/mtrx-2014x03x31x10q.htm,10-Q,866273
284,MTRX,2013-12-31,https://www.sec.gov/Archives/edgar/data/866273/000086627314000006/mtrx-2013x12x31x10q.htm,10-Q,866273
285,MTRX,2013-09-30,https://www.sec.gov/Archives/edgar/data/866273/000086627313000091/mtrx-2013x09x30x10q.htm,10-Q,866273
286,MTRX,2013-03-31,https://www.sec.gov/Archives/edgar/data/866273/000086627313000012/mtrx-2013x03x31x10q.htm,10-Q,866273
287,MTRX,2012-12-31,https://www.sec.gov/Archives/edgar/data/866273/000144530513000176/mtrx-2012x12x31x10q.htm,10-Q,866273
288,MTRX,2012-09-30,https://www.sec.gov/Archives/edgar/data/866273/000119312512462895/d411459d10q.htm,10-Q,866273
289,BLK,2022-03-31,https://www.sec.gov/Archives/edgar/data/1364742/000156459022018505/blk-10q_20220331.htm,10-Q,1364742
290,BLK,2021-09-30,https://www.sec.gov/Archives/edgar/data/1364742/000156459021054838/blk-10q_20210930.htm,10-Q,1364742
291,BLK,2021-06-30,https://www.sec.gov/Archives/edgar/data/1364742/000156459021041406/blk-10q_20210630.htm,10-Q,1364742
292,BLK,2021-03-31,https://www.sec.gov/Archives/edgar/data/1364742/000156459021024726/blk-10q_20210331.htm,10-Q,1364742
293,BLK,2020-09-30,https://www.sec.gov/Archives/edgar/data/1364742/000156459020051202/blk-10q_20200930.htm,10-Q,1364742
294,BLK,2020-06-30,https://www.sec.gov/ix?doc=/Archives/edgar/data/1364742/000156459020038433/blk-10q_20200630.htm,10-Q,1364742
295,BLK,2020-03-31,https://www.sec.gov/ix?doc=/Archives/edgar/data/1364742/000156459020023352/blk-10q_20200331.htm,10-Q,1364742
296,BLK,2019-09-30,https://www.sec.gov/ix?doc=/Archives/edgar/data/1364742/000156459019042157/blk-10q_20190930.htm,10-Q,1364742
297,BLK,2019-06-30,https://www.sec.gov/ix?doc=/Archives/edgar/data/1364742/000156459019030654/blk-10q_20190630.htm,10-Q,1364742
298,BLK,2019-03-31,https://www.sec.gov/ix?doc=/Archives/edgar/data/1364742/000156459019017793/blk-10q_20190331.htm,10-Q,1364742
299,BLK,2018-09-30,https://www.sec.gov/Archives/edgar/data/1364742/000156459018028881/blk-10q_20180930.htm,10-Q,1364742
300,BLK,2018-06-30,https://www.sec.gov/Archives/edgar/data/1364742/000156459018020313/blk-10q_20180630.htm,10-Q,1364742
301,BLK,2018-03-31,https://www.sec.gov/Archives/edgar/data/1364742/000156459018012320/blk-10q_20180331.htm,10-Q,1364742
302,BLK,2017-09-30,https://www.sec.gov/Archives/edgar/data/1364742/000156459017022570/blk-10q_20170930.htm,10-Q,1364742
303,BLK,2017-06-30,https://www.sec.gov/Archives/edgar/data/1364742/000156459017016394/blk-10q_20170630.htm,10-Q,1364742
304,BLK,2017-03-31,https://www.sec.gov/Archives/edgar/data/1364742/000156459017009686/blk-10q_20170331.htm,10-Q,1364742
305,BLK,2016-09-30,https://www.sec.gov/Archives/edgar/data/1364742/000156459016028171/blk-10q_20160930.htm,10-Q,1364742
306,BLK,2016-06-30,https://www.sec.gov/Archives/edgar/data/1364742/000156459016023209/blk-10q_20160630.htm,10-Q,1364742
307,BLK,2016-03-31,https://www.sec.gov/Archives/edgar/data/1364742/000156459016018688/blk-10q_20160331.htm,10-Q,1364742
308,BLK,2015-09-30,https://www.sec.gov/Archives/edgar/data/1364742/000156459015009883/blk-10q_20150930.htm,10-Q,1364742
309,BLK,2015-06-30,https://www.sec.gov/Archives/edgar/data/1364742/000119312515283171/d14172d10q.htm,10-Q,1364742
310,BLK,2015-03-31,https://www.sec.gov/Archives/edgar/data/1364742/000119312515179094/d884015d10q.htm,10-Q,1364742
311,BLK,2014-09-30,https://www.sec.gov/Archives/edgar/data/1364742/000119312514403120/d800369d10q.htm,10-Q,1364742
312,BLK,2014-06-30,https://www.sec.gov/Archives/edgar/data/1364742/000119312514302181/d756612d10q.htm,10-Q,1364742
313,BLK,2014-03-31,https://www.sec.gov/Archives/edgar/data/1364742/000119312514192207/d686413d10q.htm,10-Q,1364742
314,BLK,2013-09-30,https://www.sec.gov/Archives/edgar/data/1364742/000119312513434891/d584518d10q.htm,10-Q,1364742
315,BLK,2013-06-30,https://www.sec.gov/Archives/edgar/data/1364742/000119312513326890/d539907d10q.htm,10-Q,1364742
316,BLK,2013-03-31,https://www.sec.gov/Archives/edgar/data/1364742/000119312513210506/d502200d10q.htm,10-Q,1364742
317,BLK,2012-09-30,https://www.sec.gov/Archives/edgar/data/1364742/000119312512460708/d406649d10q.htm,10-Q,1364742
318,BLK,2012-06-30,https://www.sec.gov/Archives/edgar/data/1364742/000119312512343728/d363785d10q.htm,10-Q,1364742
319,PYPL,2022-03-31,https://www.sec.gov/Archives/edgar/data/1633917/000163391722000088/pypl-20220331.htm,10-Q,1633917
320,PYPL,2021-09-30,https://www.sec.gov/Archives/edgar/data/1633917/000163391721000169/pypl-20210930.htm,10-Q,1633917
321,PYPL,2021-06-30,https://www.sec.gov/Archives/edgar/data/1633917/000163391721000149/pypl-20210630.htm,10-Q,1633917
322,PYPL,2021-03-31,https://www.sec.gov/Archives/edgar/data/1633917/000163391721000100/pypl-20210331.htm,10-Q,1633917
323,PYPL,2020-09-30,https://www.sec.gov/Archives/edgar/data/1633917/000163391720000169/pypl-20200930.htm,10-Q,1633917
324,PYPL,2020-06-30,https://www.sec.gov/ix?doc=/Archives/edgar/data/1633917/000163391720000134/pypl-20200630.htm,10-Q,1633917
325,PYPL,2020-03-31,https://www.sec.gov/ix?doc=/Archives/edgar/data/1633917/000163391720000093/pyplq1202010-q.htm,10-Q,1633917
326,PYPL,2019-09-30,https://www.sec.gov/ix?doc=/Archives/edgar/data/1633917/000163391719000210/pypl10-qq32019.htm,10-Q,1633917
327,PYPL,2019-06-30,https://www.sec.gov/ix?doc=/Archives/edgar/data/1633917/000163391719000180/pypl10-qq22019.htm,10-Q,1633917
328,PYPL,2019-03-31,https://www.sec.gov/Archives/edgar/data/1633917/000163391719000118/pypl10-qq12019.htm,10-Q,1633917
329,PYPL,2018-09-30,https://www.sec.gov/Archives/edgar/data/1633917/000163391718000203/pypl10-qq32018.htm,10-Q,1633917
330,PYPL,2018-06-30,https://www.sec.gov/Archives/edgar/data/1633917/000163391718000171/pypl10-qq22018.htm,10-Q,1633917
331,PYPL,2018-03-31,https://www.sec.gov/Archives/edgar/data/1633917/000163391718000096/pypl10-qq12018.htm,10-Q,1633917
332,PYPL,2017-09-30,https://www.sec.gov/Archives/edgar/data/1633917/000163391717000171/pypl10-qq32017.htm,10-Q,1633917
333,PYPL,2017-06-30,https://www.sec.gov/Archives/edgar/data/1633917/000163391717000136/pypl10-qq22017.htm,10-Q,1633917
334,PYPL,2017-03-31,https://www.sec.gov/Archives/edgar/data/1633917/000163391717000075/pypl10-qq12017.htm,10-Q,1633917
335,PYPL,2016-09-30,https://www.sec.gov/Archives/edgar/data/1633917/000163391716000243/pypl10-qq32016.htm,10-Q,1633917
336,PYPL,2016-06-30,https://www.sec.gov/Archives/edgar/data/1633917/000163391716000203/pypl10-qq22016.htm,10-Q,1633917
337,PYPL,2016-03-31,https://www.sec.gov/Archives/edgar/data/1633917/000163391716000161/pypl10-qq12016.htm,10-Q,1633917
338,PYPL,2015-09-30,https://www.sec.gov/Archives/edgar/data/1633917/000163391715000052/pypl10-qq32015.htm,10-Q,1633917
339,PYPL,2015-06-30,https://www.sec.gov/Archives/edgar/data/1633917/000163391715000008/pypl10-qq22015.htm,10-Q,1633917
340,MELI,2022-03-31,https://www.sec.gov/Archives/edgar/data/1099590/000156276222000223/meli-20220331x10q.htm,10-Q,1099590
341,MELI,2021-09-30,https://www.sec.gov/Archives/edgar/data/1099590/000156276221000420/meli-20210930x10q.htm,10-Q,1099590
342,MELI,2021-06-30,https://www.sec.gov/Archives/edgar/data/1099590/000156276221000313/meli-20210630x10q.htm,10-Q,1099590
343,MELI,2021-03-31,https://www.sec.gov/Archives/edgar/data/1099590/000156276221000200/meli-20210331x10q.htm,10-Q,1099590
344,MELI,2020-09-30,https://www.sec.gov/Archives/edgar/data/1099590/000156276220000390/meli-20200930x10q.htm,10-Q,1099590
345,MELI,2020-06-30,https://www.sec.gov/ix?doc=/Archives/edgar/data/1099590/000156276220000324/meli-20200630x10q.htm,10-Q,1099590
346,MELI,2020-03-31,https://www.sec.gov/ix?doc=/Archives/edgar/data/1099590/000156276220000170/meli-20200331x10q.htm,10-Q,1099590
347,MELI,2019-09-30,https://www.sec.gov/ix?doc=/Archives/edgar/data/1099590/000156276219000273/meli-20190930x10q.htm,10-Q,1099590
348,MELI,2019-06-30,https://www.sec.gov/ix?doc=/Archives/edgar/data/1099590/000156276219000186/meli-20190630x10q.htm,10-Q,1099590
349,MELI,2019-03-31,https://www.sec.gov/Archives/edgar/data/1099590/000156276219000123/meli-20190331x10q.htm,10-Q,1099590
350,MELI,2018-09-30,https://www.sec.gov/Archives/edgar/data/1099590/000156276218000323/meli-20180930x10q.htm,10-Q,1099590
351,MELI,2018-06-30,https://www.sec.gov/Archives/edgar/data/1099590/000156276218000229/meli-20180630x10q.htm,10-Q,1099590
352,MELI,2018-03-31,https://www.sec.gov/Archives/edgar/data/1099590/000090342318000273/mercado10qa.htm,10-Q/A,1099590
353,MELI,2018-03-31,https://www.sec.gov/Archives/edgar/data/1099590/000156276218000158/meli-20180331x10q.htm,10-Q,1099590
354,MELI,2017-09-30,https://www.sec.gov/Archives/edgar/data/1099590/000156276217000173/meli-20170930x10q.htm,10-Q,1099590
355,MELI,2017-06-30,https://www.sec.gov/Archives/edgar/data/1099590/000156276217000120/meli-20170630x10q.htm,10-Q,1099590
356,MELI,2017-03-31,https://www.sec.gov/Archives/edgar/data/1099590/000156276217000054/meli-20170331x10q.htm,10-Q,1099590
357,MELI,2016-09-30,https://www.sec.gov/Archives/edgar/data/1099590/000156276216000445/meli-20160930x10q.htm,10-Q,1099590
358,MELI,2016-06-30,https://www.sec.gov/Archives/edgar/data/1099590/000156276216000414/meli-20160630x10q.htm,10-Q,1099590
359,MELI,2016-03-31,https://www.sec.gov/Archives/edgar/data/1099590/000156276216000383/meli-20160331x10q.htm,10-Q,1099590
360,MELI,2015-09-30,https://www.sec.gov/Archives/edgar/data/1099590/000156276215000287/meli-20150930x10q.htm,10-Q,1099590
361,MELI,2015-06-30,https://www.sec.gov/Archives/edgar/data/1099590/000156276215000219/meli-20150630x10q.htm,10-Q,1099590
362,MELI,2015-03-31,https://www.sec.gov/Archives/edgar/data/1099590/000156276215000125/meli-20150331x10q.htm,10-Q,1099590
363,MELI,2014-09-30,https://www.sec.gov/Archives/edgar/data/1099590/000119312514394339/d810153d10q.htm,10-Q,1099590
364,MELI,2014-06-30,https://www.sec.gov/Archives/edgar/data/1099590/000119312514303451/d753656d10q.htm,10-Q,1099590
365,MELI,2014-03-31,https://www.sec.gov/Archives/edgar/data/1099590/000119312514192809/d709187d10q.htm,10-Q,1099590
366,MELI,2013-09-30,https://www.sec.gov/Archives/edgar/data/1099590/000119312513433300/d604164d10q.htm,10-Q,1099590
367,MELI,2013-06-30,https://www.sec.gov/Archives/edgar/data/1099590/000119312513322069/d552461d10q.htm,10-Q,1099590
368,MELI,2013-03-31,https://www.sec.gov/Archives/edgar/data/1099590/000119312513204750/d509876d10q.htm,10-Q,1099590
369,MELI,2012-09-30,https://www.sec.gov/Archives/edgar/data/1099590/000119312512452129/d427480d10q.htm,10-Q,1099590
370,MELI,2012-06-30,https://www.sec.gov/Archives/edgar/data/1099590/000119312512334988/d360509d10q.htm,10-Q,1099590
371,SOFI,2022-03-31,https://www.sec.gov/Archives/edgar/data/1818874/000181887422000071/sofi-20220331.htm,10-Q,1818874
372,SOFI,2021-09-30,https://www.sec.gov/Archives/edgar/data/1818874/000181887421000081/sofi-20210930.htm,10-Q,1818874
373,SOFI,2021-06-30,https://www.sec.gov/Archives/edgar/data/1818874/000181887421000037/sofi-20210630.htm,10-Q,1818874
374,SOFI,2021-03-31,https://www.sec.gov/Archives/edgar/data/1818874/000110465921070841/tm2111831d1_10q.htm,10-Q,1818874
375,SOFI,2021-03-31,https://www.sec.gov/Archives/edgar/data/1818874/000110465921068382/tm2111831d3_nt10q.htm,NT 10-Q,1818874
376,SOFI,2020-09-30,https://www.sec.gov/Archives/edgar/data/1818874/000110465920128076/tm2036449-1_10q.htm,10-Q,1818874
377,NFLX,2021-12-31,https://www.sec.gov/Archives/edgar/data/1065280/000106528022000036/nflx-20211231.htm,10-K,1065280
378,NFLX,2020-12-31,https://www.sec.gov/Archives/edgar/data/1065280/000106528021000040/nflx-20201231.htm,10-K,1065280
379,NFLX,2019-12-31,https://www.sec.gov/ix?doc=/Archives/edgar/data/1065280/000106528020000040/form10kq419.htm,10-K,1065280
380,NFLX,2018-12-31,https://www.sec.gov/Archives/edgar/data/1065280/000106528019000079/a10ka.htm,10-K/A,1065280
381,NFLX,2018-12-31,https://www.sec.gov/Archives/edgar/data/1065280/000106528019000043/form10k_q418.htm,10-K,1065280
382,NFLX,2017-12-31,https://www.sec.gov/Archives/edgar/data/1065280/000162828018000941/q4nflx201710ka.htm,10-K/A,1065280
383,NFLX,2017-12-31,https://www.sec.gov/Archives/edgar/data/1065280/000106528018000069/q4nflx201710k.htm,10-K,1065280
384,NFLX,2016-12-31,https://www.sec.gov/Archives/edgar/data/1065280/000162828017000496/nflx201610k.htm,10-K,1065280
385,NFLX,2015-12-31,https://www.sec.gov/Archives/edgar/data/1065280/000106528016000047/nflx201510k.htm,10-K,1065280
386,NFLX,2014-12-31,https://www.sec.gov/Archives/edgar/data/1065280/000106528015000006/nflx201410k.htm,10-K,1065280
387,NFLX,2013-12-31,https://www.sec.gov/Archives/edgar/data/1065280/000106528014000006/nflx10k2013.htm,10-K,1065280
388,NFLX,2012-12-31,https://www.sec.gov/Archives/edgar/data/1065280/000106528013000008/nflx1231201210kdoc.htm,10-K,1065280
389,FB,2021-12-31,https://www.sec.gov/Archives/edgar/data/1326801/000132680122000018/fb-20211231.htm,10-K,1326801
390,FB,2020-12-31,https://www.sec.gov/Archives/edgar/data/1326801/000132680121000014/fb-20201231.htm,10-K,1326801
391,FB,2019-12-31,https://www.sec.gov/ix?doc=/Archives/edgar/data/1326801/000132680120000013/fb-12312019x10k.htm,10-K,1326801
392,FB,2018-12-31,https://www.sec.gov/Archives/edgar/data/1326801/000132680119000009/fb-12312018x10k.htm,10-K,1326801
393,FB,2017-12-31,https://www.sec.gov/Archives/edgar/data/1326801/000132680118000009/fb-12312017x10k.htm,10-K,1326801
394,FB,2016-12-31,https://www.sec.gov/Archives/edgar/data/1326801/000132680117000007/fb-12312016x10k.htm,10-K,1326801
395,FB,2015-12-31,https://www.sec.gov/Archives/edgar/data/1326801/000132680116000063/a1231201510-ka.htm,10-K/A,1326801
396,FB,2015-12-31,https://www.sec.gov/Archives/edgar/data/1326801/000132680116000043/fb-12312015x10k.htm,10-K,1326801
397,FB,2014-12-31,https://www.sec.gov/Archives/edgar/data/1326801/000132680115000010/amendment1form10-ka.htm,10-K/A,1326801
398,FB,2014-12-31,https://www.sec.gov/Archives/edgar/data/1326801/000132680115000006/fb-12312014x10k.htm,10-K,1326801
399,FB,2013-12-31,https://www.sec.gov/Archives/edgar/data/1326801/000132680114000007/fb-12312013x10k.htm,10-K,1326801
400,FB,2012-12-31,https://www.sec.gov/Archives/edgar/data/1326801/000132680113000003/fb-12312012x10k.htm,10-K,1326801
401,UBER,2021-12-31,https://www.sec.gov/Archives/edgar/data/1543151/000154315122000008/uber-20211231.htm,10-K,1543151
402,UBER,2020-12-31,https://www.sec.gov/Archives/edgar/data/1543151/000154315121000014/uber-20201231.htm,10-K,1543151
403,UBER,2019-12-31,https://www.sec.gov/ix?doc=/Archives/edgar/data/1543151/000154315120000010/fy2019q410kfinancialst.htm,10-K,1543151
404,MCHP,2022-03-31,https://www.sec.gov/Archives/edgar/data/827054/000082705422000094/mchp-20220331.htm,10-K,827054
405,MCHP,2021-03-31,https://www.sec.gov/Archives/edgar/data/827054/000082705421000106/mchp-20210331.htm,10-K,827054
406,MCHP,2020-03-31,https://www.sec.gov/ix?doc=/Archives/edgar/data/827054/000082705420000119/a2020-03x3110k.htm,10-K,827054
407,MCHP,2019-03-31,https://www.sec.gov/ix?doc=/Archives/edgar/data/827054/000082705419000143/a2019-03x3110k.htm,10-K,827054
408,MCHP,2018-03-31,https://www.sec.gov/Archives/edgar/data/827054/000162828018006982/a2018-03x3110k.htm,10-K,827054
409,MCHP,2017-03-31,https://www.sec.gov/Archives/edgar/data/827054/000082705417000098/a2017-03x3110k.htm,10-K,827054
410,MCHP,2016-03-31,https://www.sec.gov/Archives/edgar/data/827054/000082705416000344/a2016-03x3110k.htm,10-K,827054
411,MCHP,2015-03-31,https://www.sec.gov/Archives/edgar/data/827054/000082705415000108/form10-ka6x8x15.htm,10-K/A,827054
412,MCHP,2015-03-31,https://www.sec.gov/Archives/edgar/data/827054/000082705415000103/a2015-03x3110k.htm,10-K,827054
413,MCHP,2014-03-31,https://www.sec.gov/Archives/edgar/data/827054/000082705414000140/a2014-03x3110k.htm,10-K,827054
414,MCHP,2013-03-31,https://www.sec.gov/Archives/edgar/data/827054/000082705413000171/a2013-03x3110k.htm,10-K,827054
415,ABNB,2021-12-31,https://www.sec.gov/Archives/edgar/data/1559720/000155972022000006/abnb-20211231.htm,10-K,1559720
416,ABNB,2020-12-31,https://www.sec.gov/Archives/edgar/data/1559720/000155972021000010/airbnb-10k.htm,10-K,1559720
417,FANG,2021-12-31,https://www.sec.gov/Archives/edgar/data/1539838/000153983822000008/fang-20211231.htm,10-K,1539838
418,FANG,2020-12-31,https://www.sec.gov/Archives/edgar/data/1539838/000153983821000015/fang-20201231.htm,10-K,1539838
419,FANG,2019-12-31,https://www.sec.gov/ix?doc=/Archives/edgar/data/1539838/000153983820000021/diamondback201910-k.htm,10-K,1539838
420,FANG,2018-12-31,https://www.sec.gov/Archives/edgar/data/1539838/000153983819000030/diamondback201810-ka.htm,10-K/A,1539838
421,FANG,2018-12-31,https://www.sec.gov/Archives/edgar/data/1539838/000153983819000008/diamondback201810-k.htm,10-K,1539838
422,FANG,2017-12-31,https://www.sec.gov/Archives/edgar/data/1539838/000153983818000014/diamondback201710-k.htm,10-K,1539838
423,FANG,2016-12-31,https://www.sec.gov/Archives/edgar/data/1539838/000153983817000009/diamondback201610-k.htm,10-K,1539838
424,FANG,2015-12-31,https://www.sec.gov/Archives/edgar/data/1539838/000153983816000129/diamondback201510-k.htm,10-K,1539838
425,FANG,2014-12-31,https://www.sec.gov/Archives/edgar/data/1539838/000153983815000005/a12311410-k.htm,10-K,1539838
426,FANG,2013-12-31,https://www.sec.gov/Archives/edgar/data/1539838/000153983814000007/a12311310-k.htm,10-K,1539838
427,FANG,2012-12-31,https://www.sec.gov/Archives/edgar/data/1539838/000153983813000013/a12311210-ka.htm,10-K/A,1539838
428,FANG,2012-12-31,https://www.sec.gov/Archives/edgar/data/1539838/000153983813000004/a12311210-k.htm,10-K,1539838
429,MRO,2021-12-31,https://www.sec.gov/Archives/edgar/data/101778/000010177822000016/mro-20211231.htm,10-K,101778
430,MRO,2020-12-31,https://www.sec.gov/Archives/edgar/data/101778/000010177821000018/mro-20201231.htm,10-K,101778
431,MRO,2019-12-31,https://www.sec.gov/ix?doc=/Archives/edgar/data/101778/000010177820000023/mro-20191231x10k2019.htm,10-K,101778
432,MRO,2018-12-31,https://www.sec.gov/Archives/edgar/data/101778/000010177819000022/mro-20181231x10kq42018.htm,10-K,101778
433,MRO,2017-12-31,https://www.sec.gov/Archives/edgar/data/101778/000010177818000026/mro-20171231x10kq42017.htm,10-K,101778
434,MRO,2016-12-31,https://www.sec.gov/Archives/edgar/data/101778/000010177817000046/mro-20161231x10k.htm,10-K,101778
435,MRO,2015-12-31,https://www.sec.gov/Archives/edgar/data/101778/000010177816000047/mro-20151231x10k.htm,10-K,101778
436,MRO,2014-12-31,https://www.sec.gov/Archives/edgar/data/101778/000010177815000007/mro-20141231x10k.htm,10-K,101778
437,MRO,2013-12-31,https://www.sec.gov/Archives/edgar/data/101778/000010177814000014/mro-20131231x10k.htm,10-K,101778
438,MRO,2012-12-31,https://www.sec.gov/Archives/edgar/data/101778/000010177813000006/mro-20121231x10k.htm,10-K,101778
439,DVN,2021-12-31,https://www.sec.gov/Archives/edgar/data/1090012/000156459022005321/dvn-10k_20211231.htm,10-K,1090012
440,DVN,2020-12-31,https://www.sec.gov/Archives/edgar/data/1090012/000156459021006239/dvn-10k_20201231.htm,10-K,1090012
441,DVN,2019-12-31,https://www.sec.gov/ix?doc=/Archives/edgar/data/1090012/000156459020005182/dvn-10k_20191231.htm,10-K,1090012
442,DVN,2018-12-31,https://www.sec.gov/ix?doc=/Archives/edgar/data/1090012/000156459019003382/dvn-10k_20181231.htm,10-K,1090012
443,DVN,2017-12-31,https://www.sec.gov/Archives/edgar/data/1090012/000156459018002582/dvn-10k_20171231.htm,10-K,1090012
444,DVN,2016-12-31,https://www.sec.gov/Archives/edgar/data/1090012/000156459017001607/dvn-10k_20161231.htm,10-K,1090012
445,DVN,2015-12-31,https://www.sec.gov/Archives/edgar/data/1090012/000119312516466687/d109858d10k.htm,10-K,1090012
446,DVN,2014-12-31,https://www.sec.gov/Archives/edgar/data/1090012/000119312515056497/d859923d10k.htm,10-K,1090012
447,DVN,2013-12-31,https://www.sec.gov/Archives/edgar/data/1090012/000119312514076267/d656849d10k.htm,10-K,1090012
448,DVN,2012-12-31,https://www.sec.gov/Archives/edgar/data/1090012/000119312513068817/d477194d10k.htm,10-K,1090012
449,SPWR,2022-01-02,https://www.sec.gov/Archives/edgar/data/867773/000086777322000016/spwr-20220102.htm,10-K,867773
450,SPWR,2021-01-03,https://www.sec.gov/Archives/edgar/data/867773/000086777321000026/spwr-20210103.htm,10-K,867773
451,SPWR,2019-12-29,https://www.sec.gov/ix?doc=/Archives/edgar/data/867773/000086777320000010/spwr-20191229.htm,10-K,867773
452,SPWR,2018-12-30,https://www.sec.gov/Archives/edgar/data/867773/000086777319000006/spwr_12302018x10-k.htm,10-K,867773
453,SPWR,2017-12-31,https://www.sec.gov/Archives/edgar/data/867773/000086777318000016/spwr_12312017x10-k.htm,10-K,867773
454,SPWR,2017-01-01,https://www.sec.gov/Archives/edgar/data/867773/000086777317000013/spwr_01012017x10-k.htm,10-K,867773
455,SPWR,2016-01-03,https://www.sec.gov/Archives/edgar/data/867773/000086777316000101/spwr_01032016x10-k.htm,10-K,867773
456,SPWR,2014-12-28,https://www.sec.gov/Archives/edgar/data/867773/000086777315000013/spwr_12282014x10-k.htm,10-K,867773
457,SPWR,2013-12-29,https://www.sec.gov/Archives/edgar/data/867773/000086777314000011/spwr_12292013x10-k.htm,10-K,867773
458,SPWR,2012-12-30,https://www.sec.gov/Archives/edgar/data/867773/000086777313000042/spwr0711201310-ka.htm,10-K/A,867773
459,SPWR,2012-12-30,https://www.sec.gov/Archives/edgar/data/867773/000086777313000020/spwr1230201210-ka.htm,10-K/A,867773
460,SPWR,2012-12-30,https://www.sec.gov/Archives/edgar/data/867773/000086777313000012/spwr_12302012x10-k.htm,10-K,867773
461,SPWR,,https://www.sec.gov/Archives/edgar/data/867773/000086777312000037/form10-ka20120628.htm,10-K/A,867773
462,REGI,2021-12-31,https://www.sec.gov/ix?doc=/Archives/edgar/data/1463258/000162828022004504/regi-20211231.htm,10-K,1463258
463,REGI,2020-12-31,https://www.sec.gov/Archives/edgar/data/1463258/000162828021003654/regi-20201231.htm,10-K,1463258
464,REGI,2019-12-31,https://www.sec.gov/Archives/edgar/data/1463258/000162828021003303/regi-20191231.htm,10-K/A,1463258
465,REGI,2019-12-31,https://www.sec.gov/ix?doc=/Archives/edgar/data/1463258/000162828020003141/regi-20191231x10k.htm,10-K,1463258
466,REGI,2018-12-31,https://www.sec.gov/ix?doc=/Archives/edgar/data/1463258/000162828019002647/regi-20181231x10k.htm,10-K,1463258
467,REGI,2017-12-31,https://www.sec.gov/Archives/edgar/data/1463258/000162828018003045/regi-20171231x10k.htm,10-K,1463258
468,REGI,2016-12-31,https://www.sec.gov/Archives/edgar/data/1463258/000162828017002479/regi-20161231x10k.htm,10-K,1463258
469,REGI,2015-12-31,https://www.sec.gov/Archives/edgar/data/1463258/000162828016012666/regi-20151231x10k.htm,10-K,1463258
470,REGI,2014-12-31,https://www.sec.gov/Archives/edgar/data/1463258/000162828015001595/regi-20141231x10k.htm,10-K,1463258
471,REGI,2013-12-31,https://www.sec.gov/Archives/edgar/data/1463258/000144530514000784/regi-20131231x10k.htm,10-K,1463258
472,REGI,2012-12-31,https://www.sec.gov/Archives/edgar/data/1463258/000119312513098354/d444091d10k.htm,10-K,1463258
473,MTRX,2021-06-30,https://www.sec.gov/Archives/edgar/data/866273/000086627321000088/mtrx-20210630.htm,10-K,866273
474,MTRX,2020-06-30,https://www.sec.gov/ix?doc=/Archives/edgar/data/866273/000086627320000109/mtrx-20200630.htm,10-K,866273
475,MTRX,2019-06-30,https://www.sec.gov/Archives/edgar/data/866273/000086627319000094/mtrx2019-06x3010xk.htm,10-K,866273
476,MTRX,2018-06-30,https://www.sec.gov/Archives/edgar/data/866273/000086627318000092/mtrx2018-06x3010xka.htm,10-K/A,866273
477,MTRX,2018-06-30,https://www.sec.gov/Archives/edgar/data/866273/000086627318000082/mtrx2018-06x3010xk.htm,10-K,866273
478,MTRX,2017-06-30,https://www.sec.gov/Archives/edgar/data/866273/000086627317000091/mtrx2017-06x30x10k.htm,10-K,866273
479,MTRX,2016-06-30,https://www.sec.gov/Archives/edgar/data/866273/000086627316000209/mtrx2016-06x30x10k.htm,10-K,866273
480,MTRX,2015-06-30,https://www.sec.gov/Archives/edgar/data/866273/000086627315000080/mtrx2015-06x30x10k.htm,10-K,866273
481,MTRX,2014-06-30,https://www.sec.gov/Archives/edgar/data/866273/000086627314000092/mtrx2014-06x30x10k.htm,10-K,866273
482,MTRX,2013-06-30,https://www.sec.gov/Archives/edgar/data/866273/000086627313000057/mtrx2013-6x3010k.htm,10-K,866273
483,MTRX,,https://www.sec.gov/Archives/edgar/data/866273/000119312512382978/d360030d10k.htm,10-K,866273
484,BLK,2021-12-31,https://www.sec.gov/Archives/edgar/data/1364742/000156459022007117/blk-10k_20211231.htm,10-K,1364742
485,BLK,2020-12-31,https://www.sec.gov/Archives/edgar/data/1364742/000156459021008796/blk-10k_20201231.htm,10-K,1364742
486,BLK,2019-12-31,https://www.sec.gov/ix?doc=/Archives/edgar/data/1364742/000156459020007807/blk-10k_20191231.htm,10-K,1364742
487,BLK,2018-12-31,https://www.sec.gov/Archives/edgar/data/1364742/000156459019005479/blk-10k_20181231.htm,10-K,1364742
488,BLK,2017-12-31,https://www.sec.gov/Archives/edgar/data/1364742/000156459018003744/blk-10k_20171231.htm,10-K,1364742
489,BLK,2016-12-31,https://www.sec.gov/Archives/edgar/data/1364742/000156459017002816/blk-10k_20161231.htm,10-K,1364742
490,BLK,2015-12-31,https://www.sec.gov/Archives/edgar/data/1364742/000156459016013511/blk-10k_20151231.htm,10-K,1364742
491,BLK,2014-12-31,https://www.sec.gov/Archives/edgar/data/1364742/000119312515069955/d822114d10k.htm,10-K,1364742
492,BLK,2013-12-31,https://www.sec.gov/Archives/edgar/data/1364742/000119312514076587/d641151d10k.htm,10-K,1364742
493,BLK,2012-12-31,https://www.sec.gov/Archives/edgar/data/1364742/000119312513084957/d439552d10k.htm,10-K,1364742
494,PYPL,2021-12-31,https://www.sec.gov/Archives/edgar/data/1633917/000163391722000027/pypl-20211231.htm,10-K,1633917
495,PYPL,2020-12-31,https://www.sec.gov/Archives/edgar/data/1633917/000163391721000018/pypl-20201231.htm,10-K,1633917
496,PYPL,2019-12-31,https://www.sec.gov/ix?doc=/Archives/edgar/data/1633917/000163391720000028/pypl201910-k.htm,10-K,1633917
497,PYPL,2018-12-31,https://www.sec.gov/Archives/edgar/data/1633917/000163391719000043/pypl201810-k.htm,10-K,1633917
498,PYPL,2017-12-31,https://www.sec.gov/Archives/edgar/data/1633917/000163391718000029/pypl201710-k.htm,10-K,1633917
499,PYPL,2016-12-31,https://www.sec.gov/Archives/edgar/data/1633917/000163391717000027/pypl201610-k.htm,10-K,1633917
500,PYPL,2015-12-31,https://www.sec.gov/Archives/edgar/data/1633917/000163391716000113/pypl201510-k.htm,10-K,1633917
501,MELI,2021-12-31,https://www.sec.gov/Archives/edgar/data/1099590/000156276222000049/meli-20211231x10k.htm,10-K,1099590
502,MELI,2020-12-31,https://www.sec.gov/Archives/edgar/data/1099590/000156276221000079/meli-20201231x10k.htm,10-K,1099590
503,MELI,2019-12-31,https://www.sec.gov/Archives/edgar/data/1099590/000156276220000435/meli-20191231x10ka.htm,10-K/A,1099590
504,MELI,2019-12-31,https://www.sec.gov/ix?doc=/Archives/edgar/data/1099590/000156276220000055/meli-20191231x10k.htm,10-K,1099590
505,MELI,2018-12-31,https://www.sec.gov/Archives/edgar/data/1099590/000156276219000047/meli-20181231x10k.htm,10-K,1099590
506,MELI,2017-12-31,https://www.sec.gov/Archives/edgar/data/1099590/000156276218000040/meli-20171231x10k.htm,10-K,1099590
507,MELI,2016-12-31,https://www.sec.gov/Archives/edgar/data/1099590/000156276217000024/meli-20161231x10k.htm,10-K,1099590
508,MELI,2015-12-31,https://www.sec.gov/Archives/edgar/data/1099590/000156276216000352/meli-20151231x10k.htm,10-K,1099590
509,MELI,2014-12-31,https://www.sec.gov/Archives/edgar/data/1099590/000119312515069727/d861783d10k.htm,10-K,1099590
510,MELI,2013-12-31,https://www.sec.gov/Archives/edgar/data/1099590/000119312514078151/d639270d10k.htm,10-K,1099590
511,MELI,2012-12-31,https://www.sec.gov/Archives/edgar/data/1099590/000119312513081326/d466750d10k.htm,10-K,1099590
512,SOFI,2021-12-31,https://www.sec.gov/Archives/edgar/data/1818874/000181887422000058/sofi-20211231.htm,10-K/A,1818874
513,SOFI,2021-12-31,https://www.sec.gov/Archives/edgar/data/1818874/000181887422000031/sofi-20211231.htm,10-K,1818874
514,SOFI,2020-12-31,https://www.sec.gov/Archives/edgar/data/1818874/000110465921053909/tm2113577d1_10ka.htm,10-K/A,1818874
515,SOFI,2020-12-31,https://www.sec.gov/Archives/edgar/data/1818874/000110465921037483/tm211754d1_10k.htm,10-K,1818874
