,Ticker,DocName,DocPath,FilingType,SECdates,SEC_CIK
0,MTRX,0001193125-12-462895,./Data/Raw_Data/sec-edgar-filings/MTRX/10-Q/0001193125-12-462895/full-submission.txt,10-Q,20120930,866273
1,MTRX,0000866273-20-000135,./Data/Raw_Data/sec-edgar-filings/MTRX/10-Q/0000866273-20-000135/full-submission.txt,10-Q,20200930,866273
2,MTRX,0000866273-18-000025,./Data/Raw_Data/sec-edgar-filings/MTRX/10-Q/0000866273-18-000025/full-submission.txt,10-Q,20180331,866273
3,MTRX,0000866273-17-000018,./Data/Raw_Data/sec-edgar-filings/MTRX/10-Q/0000866273-17-000018/full-submission.txt,10-Q,20170331,866273
4,MTRX,0000866273-18-000128,./Data/Raw_Data/sec-edgar-filings/MTRX/10-Q/0000866273-18-000128/full-submission.txt,10-Q,20180930,866273
5,MTRX,0000866273-15-000094,./Data/Raw_Data/sec-edgar-filings/MTRX/10-Q/0000866273-15-000094/full-submission.txt,10-Q,20150930,866273
6,MTRX,0000866273-18-000008,./Data/Raw_Data/sec-edgar-filings/MTRX/10-Q/0000866273-18-000008/full-submission.txt,10-Q,20171231,866273
7,MTRX,0000866273-17-000122,./Data/Raw_Data/sec-edgar-filings/MTRX/10-Q/0000866273-17-000122/full-submission.txt,10-Q,20170930,866273
8,MTRX,0000866273-14-000006,./Data/Raw_Data/sec-edgar-filings/MTRX/10-Q/0000866273-14-000006/full-submission.txt,10-Q,20131231,866273
9,MTRX,0000866273-22-000008,./Data/Raw_Data/sec-edgar-filings/MTRX/10-Q/0000866273-22-000008/full-submission.txt,10-Q,20211231,866273
10,MTRX,0000866273-14-000055,./Data/Raw_Data/sec-edgar-filings/MTRX/10-Q/0000866273-14-000055/full-submission.txt,10-Q,20140331,866273
11,MTRX,0000866273-16-000163,./Data/Raw_Data/sec-edgar-filings/MTRX/10-Q/0000866273-16-000163/full-submission.txt,10-Q,20160331,866273
12,MTRX,0000866273-19-000024,./Data/Raw_Data/sec-edgar-filings/MTRX/10-Q/0000866273-19-000024/full-submission.txt,10-Q,20190331,866273
13,MTRX,0000866273-22-000021,./Data/Raw_Data/sec-edgar-filings/MTRX/10-Q/0000866273-22-000021/full-submission.txt,10-Q,20220331,866273
14,MTRX,0000866273-20-000019,./Data/Raw_Data/sec-edgar-filings/MTRX/10-Q/0000866273-20-000019/full-submission.txt,10-Q,20200331,866273
15,MTRX,0000866273-13-000091,./Data/Raw_Data/sec-edgar-filings/MTRX/10-Q/0000866273-13-000091/full-submission.txt,10-Q,20130930,866273
16,MTRX,0000866273-14-000106,./Data/Raw_Data/sec-edgar-filings/MTRX/10-Q/0000866273-14-000106/full-submission.txt,10-Q,20140930,866273
17,MTRX,0000866273-21-000022,./Data/Raw_Data/sec-edgar-filings/MTRX/10-Q/0000866273-21-000022/full-submission.txt,10-Q,20210331,866273
18,MTRX,0000866273-16-000241,./Data/Raw_Data/sec-edgar-filings/MTRX/10-Q/0000866273-16-000241/full-submission.txt,10-Q,20160930,866273
19,MTRX,0000866273-20-000005,./Data/Raw_Data/sec-edgar-filings/MTRX/10-Q/0000866273-20-000005/full-submission.txt,10-Q,20191231,866273
20,MTRX,0000866273-13-000012,./Data/Raw_Data/sec-edgar-filings/MTRX/10-Q/0000866273-13-000012/full-submission.txt,10-Q,20130331,866273
21,MTRX,0000866273-19-000117,./Data/Raw_Data/sec-edgar-filings/MTRX/10-Q/0000866273-19-000117/full-submission.txt,10-Q,20190930,866273
22,MTRX,0000866273-21-000008,./Data/Raw_Data/sec-edgar-filings/MTRX/10-Q/0000866273-21-000008/full-submission.txt,10-Q,20201231,866273
23,MTRX,0001445305-13-000176,./Data/Raw_Data/sec-edgar-filings/MTRX/10-Q/0001445305-13-000176/full-submission.txt,10-Q,20121231,866273
24,MTRX,0000866273-17-000006,./Data/Raw_Data/sec-edgar-filings/MTRX/10-Q/0000866273-17-000006/full-submission.txt,10-Q,20161231,866273
25,MTRX,0000866273-21-000116,./Data/Raw_Data/sec-edgar-filings/MTRX/10-Q/0000866273-21-000116/full-submission.txt,10-Q,20210930,866273
26,MTRX,0000866273-15-000008,./Data/Raw_Data/sec-edgar-filings/MTRX/10-Q/0000866273-15-000008/full-submission.txt,10-Q,20141231,866273
27,MTRX,0000866273-15-000030,./Data/Raw_Data/sec-edgar-filings/MTRX/10-Q/0000866273-15-000030/full-submission.txt,10-Q,20150331,866273
28,MTRX,0000866273-16-000141,./Data/Raw_Data/sec-edgar-filings/MTRX/10-Q/0000866273-16-000141/full-submission.txt,10-Q,20151231,866273
29,MTRX,0000866273-19-000009,./Data/Raw_Data/sec-edgar-filings/MTRX/10-Q/0000866273-19-000009/full-submission.txt,10-Q,20181231,866273
30,UBER,0001543151-20-000029,./Data/Raw_Data/sec-edgar-filings/UBER/10-Q/0001543151-20-000029/full-submission.txt,10-Q,20200630,1543151
31,UBER,0001543151-21-000047,./Data/Raw_Data/sec-edgar-filings/UBER/10-Q/0001543151-21-000047/full-submission.txt,10-Q,20210930,1543151
32,UBER,0001543151-21-000038,./Data/Raw_Data/sec-edgar-filings/UBER/10-Q/0001543151-21-000038/full-submission.txt,10-Q,20210630,1543151
33,UBER,0001628280-20-015936,./Data/Raw_Data/sec-edgar-filings/UBER/10-Q/0001628280-20-015936/full-submission.txt,10-Q,20200930,1543151
34,UBER,0001543151-19-000009,./Data/Raw_Data/sec-edgar-filings/UBER/10-Q/0001543151-19-000009/full-submission.txt,10-Q,20190630,1543151
35,UBER,0001543151-19-000017,./Data/Raw_Data/sec-edgar-filings/UBER/10-Q/0001543151-19-000017/full-submission.txt,10-Q,20190930,1543151
36,UBER,0001543151-22-000015,./Data/Raw_Data/sec-edgar-filings/UBER/10-Q/0001543151-22-000015/full-submission.txt,10-Q,20220331,1543151
37,UBER,0001543151-21-000029,./Data/Raw_Data/sec-edgar-filings/UBER/10-Q/0001543151-21-000029/full-submission.txt,10-Q,20210331,1543151
38,UBER,0001543151-20-000022,./Data/Raw_Data/sec-edgar-filings/UBER/10-Q/0001543151-20-000022/full-submission.txt,10-Q,20200331,1543151
39,UBER,0001628280-19-007524,./Data/Raw_Data/sec-edgar-filings/UBER/10-Q/0001628280-19-007524/full-submission.txt,10-Q,20190331,1543151
40,BLK,0001564590-16-023209,./Data/Raw_Data/sec-edgar-filings/BLK/10-Q/0001564590-16-023209/full-submission.txt,10-Q,20160630,1364742
41,BLK,0001564590-17-009686,./Data/Raw_Data/sec-edgar-filings/BLK/10-Q/0001564590-17-009686/full-submission.txt,10-Q,20170331,1364742
42,BLK,0001193125-14-302181,./Data/Raw_Data/sec-edgar-filings/BLK/10-Q/0001193125-14-302181/full-submission.txt,10-Q,20140630,1364742
43,BLK,0001564590-18-012320,./Data/Raw_Data/sec-edgar-filings/BLK/10-Q/0001564590-18-012320/full-submission.txt,10-Q,20180331,1364742
44,BLK,0001564590-16-028171,./Data/Raw_Data/sec-edgar-filings/BLK/10-Q/0001564590-16-028171/full-submission.txt,10-Q,20160930,1364742
45,BLK,0001564590-21-054838,./Data/Raw_Data/sec-edgar-filings/BLK/10-Q/0001564590-21-054838/full-submission.txt,10-Q,20210930,1364742
46,BLK,0001564590-21-024726,./Data/Raw_Data/sec-edgar-filings/BLK/10-Q/0001564590-21-024726/full-submission.txt,10-Q,20210331,1364742
47,BLK,0001193125-13-326890,./Data/Raw_Data/sec-edgar-filings/BLK/10-Q/0001193125-13-326890/full-submission.txt,10-Q,20130630,1364742
48,BLK,0001564590-19-030654,./Data/Raw_Data/sec-edgar-filings/BLK/10-Q/0001564590-19-030654/full-submission.txt,10-Q,20190630,1364742
49,BLK,0001564590-20-051202,./Data/Raw_Data/sec-edgar-filings/BLK/10-Q/0001564590-20-051202/full-submission.txt,10-Q,20200930,1364742
50,BLK,0001564590-18-020313,./Data/Raw_Data/sec-edgar-filings/BLK/10-Q/0001564590-18-020313/full-submission.txt,10-Q,20180630,1364742
51,BLK,0001564590-20-038433,./Data/Raw_Data/sec-edgar-filings/BLK/10-Q/0001564590-20-038433/full-submission.txt,10-Q,20200630,1364742
52,BLK,0001193125-14-403120,./Data/Raw_Data/sec-edgar-filings/BLK/10-Q/0001193125-14-403120/full-submission.txt,10-Q,20140930,1364742
53,BLK,0001564590-19-042157,./Data/Raw_Data/sec-edgar-filings/BLK/10-Q/0001564590-19-042157/full-submission.txt,10-Q,20190930,1364742
54,BLK,0001564590-16-018688,./Data/Raw_Data/sec-edgar-filings/BLK/10-Q/0001564590-16-018688/full-submission.txt,10-Q,20160331,1364742
55,BLK,0001193125-14-192207,./Data/Raw_Data/sec-edgar-filings/BLK/10-Q/0001193125-14-192207/full-submission.txt,10-Q,20140331,1364742
56,BLK,0001193125-12-460708,./Data/Raw_Data/sec-edgar-filings/BLK/10-Q/0001193125-12-460708/full-submission.txt,10-Q,20120930,1364742
57,BLK,0001564590-17-022570,./Data/Raw_Data/sec-edgar-filings/BLK/10-Q/0001564590-17-022570/full-submission.txt,10-Q,20170930,1364742
58,BLK,0001193125-15-179094,./Data/Raw_Data/sec-edgar-filings/BLK/10-Q/0001193125-15-179094/full-submission.txt,10-Q,20150331,1364742
59,BLK,0001564590-22-018505,./Data/Raw_Data/sec-edgar-filings/BLK/10-Q/0001564590-22-018505/full-submission.txt,10-Q,20220331,1364742
60,BLK,0001564590-15-009883,./Data/Raw_Data/sec-edgar-filings/BLK/10-Q/0001564590-15-009883/full-submission.txt,10-Q,20150930,1364742
61,BLK,0001564590-18-028881,./Data/Raw_Data/sec-edgar-filings/BLK/10-Q/0001564590-18-028881/full-submission.txt,10-Q,20180930,1364742
62,BLK,0001564590-20-023352,./Data/Raw_Data/sec-edgar-filings/BLK/10-Q/0001564590-20-023352/full-submission.txt,10-Q,20200331,1364742
63,BLK,0001193125-13-210506,./Data/Raw_Data/sec-edgar-filings/BLK/10-Q/0001193125-13-210506/full-submission.txt,10-Q,20130331,1364742
64,BLK,0001193125-15-283171,./Data/Raw_Data/sec-edgar-filings/BLK/10-Q/0001193125-15-283171/full-submission.txt,10-Q,20150630,1364742
65,BLK,0001564590-19-017793,./Data/Raw_Data/sec-edgar-filings/BLK/10-Q/0001564590-19-017793/full-submission.txt,10-Q,20190331,1364742
66,BLK,0001564590-21-041406,./Data/Raw_Data/sec-edgar-filings/BLK/10-Q/0001564590-21-041406/full-submission.txt,10-Q,20210630,1364742
67,BLK,0001193125-13-434891,./Data/Raw_Data/sec-edgar-filings/BLK/10-Q/0001193125-13-434891/full-submission.txt,10-Q,20130930,1364742
68,BLK,0001564590-17-016394,./Data/Raw_Data/sec-edgar-filings/BLK/10-Q/0001564590-17-016394/full-submission.txt,10-Q,20170630,1364742
69,BLK,0001193125-12-343728,./Data/Raw_Data/sec-edgar-filings/BLK/10-Q/0001193125-12-343728/full-submission.txt,10-Q,20120630,1364742
70,MCHP,0000827054-13-000216,./Data/Raw_Data/sec-edgar-filings/MCHP/10-Q/0000827054-13-000216/full-submission.txt,10-Q,20130630,827054
71,MCHP,0000827054-17-000203,./Data/Raw_Data/sec-edgar-filings/MCHP/10-Q/0000827054-17-000203/full-submission.txt,10-Q,20170930,827054
72,MCHP,0000827054-14-000176,./Data/Raw_Data/sec-edgar-filings/MCHP/10-Q/0000827054-14-000176/full-submission.txt,10-Q,20140630,827054
73,MCHP,0000827054-16-000265,./Data/Raw_Data/sec-edgar-filings/MCHP/10-Q/0000827054-16-000265/full-submission.txt,10-Q,20151231,827054
74,MCHP,0000827054-21-000187,./Data/Raw_Data/sec-edgar-filings/MCHP/10-Q/0000827054-21-000187/full-submission.txt,10-Q,20210630,827054
75,MCHP,0000827054-17-000132,./Data/Raw_Data/sec-edgar-filings/MCHP/10-Q/0000827054-17-000132/full-submission.txt,10-Q,20170630,827054
76,MCHP,0000827054-19-000288,./Data/Raw_Data/sec-edgar-filings/MCHP/10-Q/0000827054-19-000288/full-submission.txt,10-Q,20190930,827054
77,MCHP,0000827054-15-000218,./Data/Raw_Data/sec-edgar-filings/MCHP/10-Q/0000827054-15-000218/full-submission.txt,10-Q,20150930,827054
78,MCHP,0000827054-18-000021,./Data/Raw_Data/sec-edgar-filings/MCHP/10-Q/0000827054-18-000021/full-submission.txt,10-Q,20171231,827054
79,MCHP,0000827054-18-000249,./Data/Raw_Data/sec-edgar-filings/MCHP/10-Q/0000827054-18-000249/full-submission.txt,10-Q,20180930,827054
80,MCHP,0000827054-12-000342,./Data/Raw_Data/sec-edgar-filings/MCHP/10-Q/0000827054-12-000342/full-submission.txt,10-Q,20120930,827054
81,MCHP,0000827054-12-000230,./Data/Raw_Data/sec-edgar-filings/MCHP/10-Q/0000827054-12-000230/full-submission.txt,10-Q,20120630,827054
82,MCHP,0000827054-15-000134,./Data/Raw_Data/sec-edgar-filings/MCHP/10-Q/0000827054-15-000134/full-submission.txt,10-Q,20150630,827054
83,MCHP,0000827054-21-000280,./Data/Raw_Data/sec-edgar-filings/MCHP/10-Q/0000827054-21-000280/full-submission.txt,10-Q,20210930,827054
84,MCHP,0000827054-20-000278,./Data/Raw_Data/sec-edgar-filings/MCHP/10-Q/0000827054-20-000278/full-submission.txt,10-Q,20200930,827054
85,MCHP,0000827054-16-000472,./Data/Raw_Data/sec-edgar-filings/MCHP/10-Q/0000827054-16-000472/full-submission.txt,10-Q,20160930,827054
86,MCHP,0000827054-20-000029,./Data/Raw_Data/sec-edgar-filings/MCHP/10-Q/0000827054-20-000029/full-submission.txt,10-Q,20191231,827054
87,MCHP,0000827054-21-000025,./Data/Raw_Data/sec-edgar-filings/MCHP/10-Q/0000827054-21-000025/full-submission.txt,10-Q,20201231,827054
88,MCHP,0000827054-18-000143,./Data/Raw_Data/sec-edgar-filings/MCHP/10-Q/0000827054-18-000143/full-submission.txt,10-Q,20180630,827054
89,MCHP,0000827054-20-000186,./Data/Raw_Data/sec-edgar-filings/MCHP/10-Q/0000827054-20-000186/full-submission.txt,10-Q,20200630,827054
90,MCHP,0000827054-16-000385,./Data/Raw_Data/sec-edgar-filings/MCHP/10-Q/0000827054-16-000385/full-submission.txt,10-Q,20160630,827054
91,MCHP,0000827054-14-000250,./Data/Raw_Data/sec-edgar-filings/MCHP/10-Q/0000827054-14-000250/full-submission.txt,10-Q,20140930,827054
92,MCHP,0000827054-14-000023,./Data/Raw_Data/sec-edgar-filings/MCHP/10-Q/0000827054-14-000023/full-submission.txt,10-Q,20131231,827054
93,MCHP,0000827054-15-000017,./Data/Raw_Data/sec-edgar-filings/MCHP/10-Q/0000827054-15-000017/full-submission.txt,10-Q,20141231,827054
94,MCHP,0000827054-22-000025,./Data/Raw_Data/sec-edgar-filings/MCHP/10-Q/0000827054-22-000025/full-submission.txt,10-Q,20211231,827054
95,MCHP,0000827054-19-000018,./Data/Raw_Data/sec-edgar-filings/MCHP/10-Q/0000827054-19-000018/full-submission.txt,10-Q,20181231,827054
96,MCHP,0000827054-13-000321,./Data/Raw_Data/sec-edgar-filings/MCHP/10-Q/0000827054-13-000321/full-submission.txt,10-Q,20130930,827054
97,MCHP,0000827054-13-000050,./Data/Raw_Data/sec-edgar-filings/MCHP/10-Q/0000827054-13-000050/full-submission.txt,10-Q,20121231,827054
98,MCHP,0000827054-19-000197,./Data/Raw_Data/sec-edgar-filings/MCHP/10-Q/0000827054-19-000197/full-submission.txt,10-Q,20190630,827054
99,MCHP,0000827054-17-000018,./Data/Raw_Data/sec-edgar-filings/MCHP/10-Q/0000827054-17-000018/full-submission.txt,10-Q,20161231,827054
100,REGI,0001493152-19-019220,./Data/Raw_Data/sec-edgar-filings/REGI/10-Q/0001493152-19-019220/full-submission.txt,10-Q,20191031,922330
101,REGI,0001445305-14-003551,./Data/Raw_Data/sec-edgar-filings/REGI/10-Q/0001445305-14-003551/full-submission.txt,10-Q,20140630,1463258
102,REGI,0001628280-22-012703,./Data/Raw_Data/sec-edgar-filings/REGI/10-Q/0001628280-22-012703/full-submission.txt,10-Q,20220331,1463258
103,REGI,0001628280-17-005066,./Data/Raw_Data/sec-edgar-filings/REGI/10-Q/0001628280-17-005066/full-submission.txt,10-Q,20170331,1463258
104,REGI,0001628280-21-008746,./Data/Raw_Data/sec-edgar-filings/REGI/10-Q/0001628280-21-008746/full-submission.txt,10-Q,20210331,1463258
105,REGI,0001628280-19-010299,./Data/Raw_Data/sec-edgar-filings/REGI/10-Q/0001628280-19-010299/full-submission.txt,10-Q,20190630,1463258
106,REGI,0001493152-12-001923,./Data/Raw_Data/sec-edgar-filings/REGI/10-Q/0001493152-12-001923/full-submission.txt,10-Q,20121031,922330
107,REGI,0001493152-15-006431,./Data/Raw_Data/sec-edgar-filings/REGI/10-Q/0001493152-15-006431/full-submission.txt,10-Q,20151031,922330
108,REGI,0001445305-14-002070,./Data/Raw_Data/sec-edgar-filings/REGI/10-Q/0001445305-14-002070/full-submission.txt,10-Q,20140331,1463258
109,REGI,0001493152-15-000956,./Data/Raw_Data/sec-edgar-filings/REGI/10-Q/0001493152-15-000956/full-submission.txt,10-Q,20150131,922330
110,REGI,0001628280-20-006101,./Data/Raw_Data/sec-edgar-filings/REGI/10-Q/0001628280-20-006101/full-submission.txt,10-Q,20200331,1463258
111,REGI,0001628280-16-018637,./Data/Raw_Data/sec-edgar-filings/REGI/10-Q/0001628280-16-018637/full-submission.txt,10-Q,20160630,1463258
112,REGI,0001193125-12-355910,./Data/Raw_Data/sec-edgar-filings/REGI/10-Q/0001193125-12-355910/full-submission.txt,10-Q,20120630,1463258
113,REGI,0001493152-13-001808,./Data/Raw_Data/sec-edgar-filings/REGI/10-Q/0001493152-13-001808/full-submission.txt,10-Q,20130731,922330
114,REGI,0001493152-14-000811,./Data/Raw_Data/sec-edgar-filings/REGI/10-Q/0001493152-14-000811/full-submission.txt,10-Q,20140131,922330
115,REGI,0001193125-12-460847,./Data/Raw_Data/sec-edgar-filings/REGI/10-Q/0001193125-12-460847/full-submission.txt,10-Q,20120930,1463258
116,REGI,0001628280-20-015948,./Data/Raw_Data/sec-edgar-filings/REGI/10-Q/0001628280-20-015948/full-submission.txt,10-Q,20200930,1463258
117,REGI,0001493152-14-003032,./Data/Raw_Data/sec-edgar-filings/REGI/10-Q/0001493152-14-003032/full-submission.txt,10-Q,20140731,922330
118,REGI,0001628280-16-020886,./Data/Raw_Data/sec-edgar-filings/REGI/10-Q/0001628280-16-020886/full-submission.txt,10-Q,20160930,1463258
119,REGI,0001628280-21-021759,./Data/Raw_Data/sec-edgar-filings/REGI/10-Q/0001628280-21-021759/full-submission.txt,10-Q,20210930,1463258
120,REGI,0001628280-17-011191,./Data/Raw_Data/sec-edgar-filings/REGI/10-Q/0001628280-17-011191/full-submission.txt,10-Q,20170930,1463258
121,REGI,0001493152-16-009263,./Data/Raw_Data/sec-edgar-filings/REGI/10-Q/0001493152-16-009263/full-submission.txt,10-Q,20160131,922330
122,REGI,0001564590-13-000302,./Data/Raw_Data/sec-edgar-filings/REGI/10-Q/0001564590-13-000302/full-submission.txt,10-Q,20130630,1463258
123,REGI,0001564590-13-001163,./Data/Raw_Data/sec-edgar-filings/REGI/10-Q/0001564590-13-001163/full-submission.txt,10-Q,20130930,1463258
124,REGI,0001493152-13-002713,./Data/Raw_Data/sec-edgar-filings/REGI/10-Q/0001493152-13-002713/full-submission.txt,10-Q,20131031,922330
125,REGI,0001628280-18-005991,./Data/Raw_Data/sec-edgar-filings/REGI/10-Q/0001628280-18-005991/full-submission.txt,10-Q,20180331,1463258
126,REGI,0001493152-15-004584,./Data/Raw_Data/sec-edgar-filings/REGI/10-Q/0001493152-15-004584/full-submission.txt,10-Q,20150731,922330
127,REGI,0001493152-16-016139,./Data/Raw_Data/sec-edgar-filings/REGI/10-Q/0001493152-16-016139/full-submission.txt,10-Q,20161031,922330
128,REGI,0001493152-17-003621,./Data/Raw_Data/sec-edgar-filings/REGI/10-Q/0001493152-17-003621/full-submission.txt,10-Q,20170131,922330
129,REGI,0001493152-17-013414,./Data/Raw_Data/sec-edgar-filings/REGI/10-Q/0001493152-17-013414/full-submission.txt,10-Q,20170731,922330
130,REGI,0001493152-18-017517,./Data/Raw_Data/sec-edgar-filings/REGI/10-Q/0001493152-18-017517/full-submission.txt,10-Q,20181031,922330
131,REGI,0001628280-19-013480,./Data/Raw_Data/sec-edgar-filings/REGI/10-Q/0001628280-19-013480/full-submission.txt,10-Q,20190930,1463258
132,REGI,0001493152-20-007090,./Data/Raw_Data/sec-edgar-filings/REGI/10-Q/0001493152-20-007090/full-submission.txt,10-Q,20200131,922330
133,REGI,0001493152-18-013340,./Data/Raw_Data/sec-edgar-filings/REGI/10-Q/0001493152-18-013340/full-submission.txt,10-Q,20180731,922330
134,REGI,0001628280-18-013886,./Data/Raw_Data/sec-edgar-filings/REGI/10-Q/0001628280-18-013886/full-submission.txt,10-Q,20180930,1463258
135,REGI,0001445305-14-004893,./Data/Raw_Data/sec-edgar-filings/REGI/10-Q/0001445305-14-004893/full-submission.txt,10-Q,20140930,1463258
136,REGI,0001493152-14-004246,./Data/Raw_Data/sec-edgar-filings/REGI/10-Q/0001493152-14-004246/full-submission.txt,10-Q,20141031,922330
137,REGI,0001493152-18-003861,./Data/Raw_Data/sec-edgar-filings/REGI/10-Q/0001493152-18-003861/full-submission.txt,10-Q,20180131,922330
138,REGI,0001628280-20-011787,./Data/Raw_Data/sec-edgar-filings/REGI/10-Q/0001628280-20-011787/full-submission.txt,10-Q,20200630,1463258
139,REGI,0001628280-15-003904,./Data/Raw_Data/sec-edgar-filings/REGI/10-Q/0001628280-15-003904/full-submission.txt,10-Q,20150331,1463258
140,REGI,0001628280-15-008563,./Data/Raw_Data/sec-edgar-filings/REGI/10-Q/0001628280-15-008563/full-submission.txt,10-Q,20150930,1463258
141,REGI,0001493152-19-003824,./Data/Raw_Data/sec-edgar-filings/REGI/10-Q/0001493152-19-003824/full-submission.txt,10-Q,20190131,922330
142,REGI,0001493152-17-014713,./Data/Raw_Data/sec-edgar-filings/REGI/10-Q/0001493152-17-014713/full-submission.txt,10-Q,20171031,922330
143,REGI,0001628280-19-005819,./Data/Raw_Data/sec-edgar-filings/REGI/10-Q/0001628280-19-005819/full-submission.txt,10-Q,20190331,1463258
144,REGI,0001628280-21-015931,./Data/Raw_Data/sec-edgar-filings/REGI/10-Q/0001628280-21-015931/full-submission.txt,10-Q,20210630,1463258
145,REGI,0000950123-13-003418,./Data/Raw_Data/sec-edgar-filings/REGI/10-Q/0000950123-13-003418/full-submission.txt,10-Q,20130331,1463258
146,REGI,0001628280-15-006262,./Data/Raw_Data/sec-edgar-filings/REGI/10-Q/0001628280-15-006262/full-submission.txt,10-Q,20150630,1463258
147,REGI,0001628280-18-010703,./Data/Raw_Data/sec-edgar-filings/REGI/10-Q/0001628280-18-010703/full-submission.txt,10-Q,20180630,1463258
148,REGI,0001628280-16-015966,./Data/Raw_Data/sec-edgar-filings/REGI/10-Q/0001628280-16-015966/full-submission.txt,10-Q,20160331,1463258
149,REGI,0001628280-17-008139,./Data/Raw_Data/sec-edgar-filings/REGI/10-Q/0001628280-17-008139/full-submission.txt,10-Q,20170630,1463258
150,REGI,0001493152-13-000479,./Data/Raw_Data/sec-edgar-filings/REGI/10-Q/0001493152-13-000479/full-submission.txt,10-Q,20130131,922330
151,REGI,0001493152-19-016682,./Data/Raw_Data/sec-edgar-filings/REGI/10-Q/0001493152-19-016682/full-submission.txt,10-Q,20190731,922330
152,REGI,0001493152-16-013476,./Data/Raw_Data/sec-edgar-filings/REGI/10-Q/0001493152-16-013476/full-submission.txt,10-Q,20160731,922330
153,REGI,0001493152-12-001304,./Data/Raw_Data/sec-edgar-filings/REGI/10-Q/0001493152-12-001304/full-submission.txt,10-Q,20120731,922330
154,MELI,0001562762-18-000229,./Data/Raw_Data/sec-edgar-filings/MELI/10-Q/0001562762-18-000229/full-submission.txt,10-Q,20180630,1099590
155,MELI,0001562762-20-000390,./Data/Raw_Data/sec-edgar-filings/MELI/10-Q/0001562762-20-000390/full-submission.txt,10-Q,20200930,1099590
156,MELI,0001562762-16-000414,./Data/Raw_Data/sec-edgar-filings/MELI/10-Q/0001562762-16-000414/full-submission.txt,10-Q,20160630,1099590
157,MELI,0001562762-18-000158,./Data/Raw_Data/sec-edgar-filings/MELI/10-Q/0001562762-18-000158/full-submission.txt,10-Q,20180331,1099590
158,MELI,0001193125-12-452129,./Data/Raw_Data/sec-edgar-filings/MELI/10-Q/0001193125-12-452129/full-submission.txt,10-Q,20120930,1099590
159,MELI,0001562762-21-000420,./Data/Raw_Data/sec-edgar-filings/MELI/10-Q/0001562762-21-000420/full-submission.txt,10-Q,20210930,1099590
160,MELI,0001193125-12-334988,./Data/Raw_Data/sec-edgar-filings/MELI/10-Q/0001193125-12-334988/full-submission.txt,10-Q,20120630,1099590
161,MELI,0001193125-13-322069,./Data/Raw_Data/sec-edgar-filings/MELI/10-Q/0001193125-13-322069/full-submission.txt,10-Q,20130630,1099590
162,MELI,0001562762-19-000123,./Data/Raw_Data/sec-edgar-filings/MELI/10-Q/0001562762-19-000123/full-submission.txt,10-Q,20190331,1099590
163,MELI,0001562762-15-000125,./Data/Raw_Data/sec-edgar-filings/MELI/10-Q/0001562762-15-000125/full-submission.txt,10-Q,20150331,1099590
164,MELI,0001562762-21-000434,./Data/Raw_Data/sec-edgar-filings/MELI/10-Q/0001562762-21-000434/full-submission.txt,10-Q,20210930,1870258
165,MELI,0001562762-18-000323,./Data/Raw_Data/sec-edgar-filings/MELI/10-Q/0001562762-18-000323/full-submission.txt,10-Q,20180930,1099590
166,MELI,0001562762-21-000200,./Data/Raw_Data/sec-edgar-filings/MELI/10-Q/0001562762-21-000200/full-submission.txt,10-Q,20210331,1099590
167,MELI,0001562762-16-000383,./Data/Raw_Data/sec-edgar-filings/MELI/10-Q/0001562762-16-000383/full-submission.txt,10-Q,20160331,1099590
168,MELI,0001562762-20-000324,./Data/Raw_Data/sec-edgar-filings/MELI/10-Q/0001562762-20-000324/full-submission.txt,10-Q,20200630,1099590
169,MELI,0001562762-22-000247,./Data/Raw_Data/sec-edgar-filings/MELI/10-Q/0001562762-22-000247/full-submission.txt,10-Q,20220331,1870258
170,MELI,0001562762-15-000287,./Data/Raw_Data/sec-edgar-filings/MELI/10-Q/0001562762-15-000287/full-submission.txt,10-Q,20150930,1099590
171,MELI,0001562762-19-000273,./Data/Raw_Data/sec-edgar-filings/MELI/10-Q/0001562762-19-000273/full-submission.txt,10-Q,20190930,1099590
172,MELI,0001193125-14-192809,./Data/Raw_Data/sec-edgar-filings/MELI/10-Q/0001193125-14-192809/full-submission.txt,10-Q,20140331,1099590
173,MELI,0001562762-15-000219,./Data/Raw_Data/sec-edgar-filings/MELI/10-Q/0001562762-15-000219/full-submission.txt,10-Q,20150630,1099590
174,MELI,0001562762-22-000223,./Data/Raw_Data/sec-edgar-filings/MELI/10-Q/0001562762-22-000223/full-submission.txt,10-Q,20220331,1099590
175,MELI,0001562762-16-000445,./Data/Raw_Data/sec-edgar-filings/MELI/10-Q/0001562762-16-000445/full-submission.txt,10-Q,20160930,1099590
176,MELI,0001193125-14-303451,./Data/Raw_Data/sec-edgar-filings/MELI/10-Q/0001193125-14-303451/full-submission.txt,10-Q,20140630,1099590
177,MELI,0001193125-13-433300,./Data/Raw_Data/sec-edgar-filings/MELI/10-Q/0001193125-13-433300/full-submission.txt,10-Q,20130930,1099590
178,MELI,0001562762-19-000186,./Data/Raw_Data/sec-edgar-filings/MELI/10-Q/0001562762-19-000186/full-submission.txt,10-Q,20190630,1099590
179,MELI,0001562762-17-000054,./Data/Raw_Data/sec-edgar-filings/MELI/10-Q/0001562762-17-000054/full-submission.txt,10-Q,20170331,1099590
180,MELI,0001193125-13-204750,./Data/Raw_Data/sec-edgar-filings/MELI/10-Q/0001193125-13-204750/full-submission.txt,10-Q,20130331,1099590
181,MELI,0001562762-21-000313,./Data/Raw_Data/sec-edgar-filings/MELI/10-Q/0001562762-21-000313/full-submission.txt,10-Q,20210630,1099590
182,MELI,0001562762-20-000170,./Data/Raw_Data/sec-edgar-filings/MELI/10-Q/0001562762-20-000170/full-submission.txt,10-Q,20200331,1099590
183,MELI,0001562762-17-000173,./Data/Raw_Data/sec-edgar-filings/MELI/10-Q/0001562762-17-000173/full-submission.txt,10-Q,20170930,1099590
184,MELI,0001562762-17-000120,./Data/Raw_Data/sec-edgar-filings/MELI/10-Q/0001562762-17-000120/full-submission.txt,10-Q,20170630,1099590
185,FB,0001326801-21-000049,./Data/Raw_Data/sec-edgar-filings/FB/10-Q/0001326801-21-000049/full-submission.txt,10-Q,20210630,1326801
186,FB,0001326801-16-000087,./Data/Raw_Data/sec-edgar-filings/FB/10-Q/0001326801-16-000087/full-submission.txt,10-Q,20160930,1326801
187,FB,0001564590-16-029302,./Data/Raw_Data/sec-edgar-filings/FB/10-Q/0001564590-16-029302/full-submission.txt,10-Q,20160930,1649749
188,FB,0001326801-13-000031,./Data/Raw_Data/sec-edgar-filings/FB/10-Q/0001326801-13-000031/full-submission.txt,10-Q,20130930,1326801
189,FB,0001326801-17-000024,./Data/Raw_Data/sec-edgar-filings/FB/10-Q/0001326801-17-000024/full-submission.txt,10-Q,20170331,1326801
190,FB,0001326801-15-000015,./Data/Raw_Data/sec-edgar-filings/FB/10-Q/0001326801-15-000015/full-submission.txt,10-Q,20150331,1326801
191,FB,0001564590-17-017186,./Data/Raw_Data/sec-edgar-filings/FB/10-Q/0001564590-17-017186/full-submission.txt,10-Q,20170630,1649749
192,FB,0001326801-18-000067,./Data/Raw_Data/sec-edgar-filings/FB/10-Q/0001326801-18-000067/full-submission.txt,10-Q,20180930,1326801
193,FB,0001649749-21-000180,./Data/Raw_Data/sec-edgar-filings/FB/10-Q/0001649749-21-000180/full-submission.txt,10-Q,20210930,1649749
194,FB,0001649749-22-000095,./Data/Raw_Data/sec-edgar-filings/FB/10-Q/0001649749-22-000095/full-submission.txt,10-Q,20220331,1649749
195,FB,0001649749-19-000008,./Data/Raw_Data/sec-edgar-filings/FB/10-Q/0001649749-19-000008/full-submission.txt,10-Q,20190331,1649749
196,FB,0001326801-18-000057,./Data/Raw_Data/sec-edgar-filings/FB/10-Q/0001326801-18-000057/full-submission.txt,10-Q,20180630,1326801
197,FB,0001649749-19-000053,./Data/Raw_Data/sec-edgar-filings/FB/10-Q/0001649749-19-000053/full-submission.txt,10-Q,20190930,1649749
198,FB,0001326801-14-000068,./Data/Raw_Data/sec-edgar-filings/FB/10-Q/0001326801-14-000068/full-submission.txt,10-Q,20140930,1326801
199,FB,0001326801-19-000055,./Data/Raw_Data/sec-edgar-filings/FB/10-Q/0001326801-19-000055/full-submission.txt,10-Q,20190630,1326801
200,FB,0001649749-20-000124,./Data/Raw_Data/sec-edgar-filings/FB/10-Q/0001649749-20-000124/full-submission.txt,10-Q,20200331,1649749
201,FB,0001649749-19-000036,./Data/Raw_Data/sec-edgar-filings/FB/10-Q/0001649749-19-000036/full-submission.txt,10-Q,20190630,1649749
202,FB,0001326801-22-000057,./Data/Raw_Data/sec-edgar-filings/FB/10-Q/0001326801-22-000057/full-submission.txt,10-Q,20220331,1326801
203,FB,0001326801-18-000032,./Data/Raw_Data/sec-edgar-filings/FB/10-Q/0001326801-18-000032/full-submission.txt,10-Q,20180331,1326801
204,FB,0001564590-18-020892,./Data/Raw_Data/sec-edgar-filings/FB/10-Q/0001564590-18-020892/full-submission.txt,10-Q,20180630,1649749
205,FB,0001326801-19-000037,./Data/Raw_Data/sec-edgar-filings/FB/10-Q/0001326801-19-000037/full-submission.txt,10-Q,20190331,1326801
206,FB,0001326801-14-000032,./Data/Raw_Data/sec-edgar-filings/FB/10-Q/0001326801-14-000032/full-submission.txt,10-Q,20140630,1326801
207,FB,0001649749-21-000098,./Data/Raw_Data/sec-edgar-filings/FB/10-Q/0001649749-21-000098/full-submission.txt,10-Q,20210331,1649749
208,FB,0001326801-16-000067,./Data/Raw_Data/sec-edgar-filings/FB/10-Q/0001326801-16-000067/full-submission.txt,10-Q,20160331,1326801
209,FB,0001326801-17-000053,./Data/Raw_Data/sec-edgar-filings/FB/10-Q/0001326801-17-000053/full-submission.txt,10-Q,20170930,1326801
210,FB,0001326801-21-000065,./Data/Raw_Data/sec-edgar-filings/FB/10-Q/0001326801-21-000065/full-submission.txt,10-Q,20210930,1326801
211,FB,0001564590-18-012884,./Data/Raw_Data/sec-edgar-filings/FB/10-Q/0001564590-18-012884/full-submission.txt,10-Q,20180331,1649749
212,FB,0001326801-17-000038,./Data/Raw_Data/sec-edgar-filings/FB/10-Q/0001326801-17-000038/full-submission.txt,10-Q,20170630,1326801
213,FB,0001326801-20-000048,./Data/Raw_Data/sec-edgar-filings/FB/10-Q/0001326801-20-000048/full-submission.txt,10-Q,20200331,1326801
214,FB,0001326801-20-000084,./Data/Raw_Data/sec-edgar-filings/FB/10-Q/0001326801-20-000084/full-submission.txt,10-Q,20200930,1326801
215,FB,0001564590-17-010687,./Data/Raw_Data/sec-edgar-filings/FB/10-Q/0001564590-17-010687/full-submission.txt,10-Q,20170331,1649749
216,FB,0001326801-16-000082,./Data/Raw_Data/sec-edgar-filings/FB/10-Q/0001326801-16-000082/full-submission.txt,10-Q,20160630,1326801
217,FB,0001326801-20-000076,./Data/Raw_Data/sec-edgar-filings/FB/10-Q/0001326801-20-000076/full-submission.txt,10-Q,20200630,1326801
218,FB,0001326801-12-000006,./Data/Raw_Data/sec-edgar-filings/FB/10-Q/0001326801-12-000006/full-submission.txt,10-Q,20120930,1326801
219,FB,0001649749-20-000194,./Data/Raw_Data/sec-edgar-filings/FB/10-Q/0001649749-20-000194/full-submission.txt,10-Q,20200930,1649749
220,FB,0001649749-20-000151,./Data/Raw_Data/sec-edgar-filings/FB/10-Q/0001649749-20-000151/full-submission.txt,10-Q,20200630,1649749
221,FB,0001326801-15-000028,./Data/Raw_Data/sec-edgar-filings/FB/10-Q/0001326801-15-000028/full-submission.txt,10-Q,20150630,1326801
222,FB,0001326801-14-000023,./Data/Raw_Data/sec-edgar-filings/FB/10-Q/0001326801-14-000023/full-submission.txt,10-Q,20140331,1326801
223,FB,0001326801-15-000032,./Data/Raw_Data/sec-edgar-filings/FB/10-Q/0001326801-15-000032/full-submission.txt,10-Q,20150930,1326801
224,FB,0001649749-21-000140,./Data/Raw_Data/sec-edgar-filings/FB/10-Q/0001649749-21-000140/full-submission.txt,10-Q,20210630,1649749
225,FB,0001326801-19-000069,./Data/Raw_Data/sec-edgar-filings/FB/10-Q/0001326801-19-000069/full-submission.txt,10-Q,20190930,1326801
226,FB,0001564590-17-023751,./Data/Raw_Data/sec-edgar-filings/FB/10-Q/0001564590-17-023751/full-submission.txt,10-Q,20170930,1649749
227,FB,0001326801-13-000019,./Data/Raw_Data/sec-edgar-filings/FB/10-Q/0001326801-13-000019/full-submission.txt,10-Q,20130630,1326801
228,FB,0001326801-21-000033,./Data/Raw_Data/sec-edgar-filings/FB/10-Q/0001326801-21-000033/full-submission.txt,10-Q,20210331,1326801
229,FB,0001564590-18-028384,./Data/Raw_Data/sec-edgar-filings/FB/10-Q/0001564590-18-028384/full-submission.txt,10-Q,20180930,1649749
230,FB,0001193125-12-325997,./Data/Raw_Data/sec-edgar-filings/FB/10-Q/0001193125-12-325997/full-submission.txt,10-Q,20120630,1326801
231,FB,0001326801-13-000011,./Data/Raw_Data/sec-edgar-filings/FB/10-Q/0001326801-13-000011/full-submission.txt,10-Q,20130331,1326801
232,NFLX,0001065280-19-000368,./Data/Raw_Data/sec-edgar-filings/NFLX/10-Q/0001065280-19-000368/full-submission.txt,10-Q,20190930,1065280
233,NFLX,0001628280-17-003939,./Data/Raw_Data/sec-edgar-filings/NFLX/10-Q/0001628280-17-003939/full-submission.txt,10-Q,20170331,1065280
234,NFLX,0001065280-20-000309,./Data/Raw_Data/sec-edgar-filings/NFLX/10-Q/0001065280-20-000309/full-submission.txt,10-Q,20200630,1065280
235,NFLX,0001065280-15-000017,./Data/Raw_Data/sec-edgar-filings/NFLX/10-Q/0001065280-15-000017/full-submission.txt,10-Q,20150331,1065280
236,NFLX,0001065280-14-000012,./Data/Raw_Data/sec-edgar-filings/NFLX/10-Q/0001065280-14-000012/full-submission.txt,10-Q,20140331,1065280
237,NFLX,0001065280-18-000205,./Data/Raw_Data/sec-edgar-filings/NFLX/10-Q/0001065280-18-000205/full-submission.txt,10-Q,20180331,1065280
238,NFLX,0001065280-12-000012,./Data/Raw_Data/sec-edgar-filings/NFLX/10-Q/0001065280-12-000012/full-submission.txt,10-Q,20120630,1065280
239,NFLX,0001065280-22-000145,./Data/Raw_Data/sec-edgar-filings/NFLX/10-Q/0001065280-22-000145/full-submission.txt,10-Q,20220331,1065280
240,NFLX,0001065280-13-000030,./Data/Raw_Data/sec-edgar-filings/NFLX/10-Q/0001065280-13-000030/full-submission.txt,10-Q,20130630,1065280
241,NFLX,0001065280-18-000360,./Data/Raw_Data/sec-edgar-filings/NFLX/10-Q/0001065280-18-000360/full-submission.txt,10-Q,20180630,1065280
242,NFLX,0001065280-18-000538,./Data/Raw_Data/sec-edgar-filings/NFLX/10-Q/0001065280-18-000538/full-submission.txt,10-Q,20180930,1065280
243,NFLX,0001065280-19-000157,./Data/Raw_Data/sec-edgar-filings/NFLX/10-Q/0001065280-19-000157/full-submission.txt,10-Q,20190331,1065280
244,NFLX,0001065280-13-000036,./Data/Raw_Data/sec-edgar-filings/NFLX/10-Q/0001065280-13-000036/full-submission.txt,10-Q,20130930,1065280
245,NFLX,0001065280-17-000046,./Data/Raw_Data/sec-edgar-filings/NFLX/10-Q/0001065280-17-000046/full-submission.txt,10-Q,20170630,1065280
246,NFLX,0001065280-16-000072,./Data/Raw_Data/sec-edgar-filings/NFLX/10-Q/0001065280-16-000072/full-submission.txt,10-Q,20160630,1065280
247,NFLX,0001065280-16-000081,./Data/Raw_Data/sec-edgar-filings/NFLX/10-Q/0001065280-16-000081/full-submission.txt,10-Q,20160930,1065280
248,NFLX,0001065280-14-000028,./Data/Raw_Data/sec-edgar-filings/NFLX/10-Q/0001065280-14-000028/full-submission.txt,10-Q,20140930,1065280
249,NFLX,0001065280-21-000363,./Data/Raw_Data/sec-edgar-filings/NFLX/10-Q/0001065280-21-000363/full-submission.txt,10-Q,20210930,1065280
250,NFLX,0001065280-14-000021,./Data/Raw_Data/sec-edgar-filings/NFLX/10-Q/0001065280-14-000021/full-submission.txt,10-Q,20140630,1065280
251,NFLX,0001065280-20-000155,./Data/Raw_Data/sec-edgar-filings/NFLX/10-Q/0001065280-20-000155/full-submission.txt,10-Q,20200331,1065280
252,NFLX,0001065280-15-000038,./Data/Raw_Data/sec-edgar-filings/NFLX/10-Q/0001065280-15-000038/full-submission.txt,10-Q,20150930,1065280
253,NFLX,0001065280-21-000144,./Data/Raw_Data/sec-edgar-filings/NFLX/10-Q/0001065280-21-000144/full-submission.txt,10-Q,20210331,1065280
254,NFLX,0001065280-15-000031,./Data/Raw_Data/sec-edgar-filings/NFLX/10-Q/0001065280-15-000031/full-submission.txt,10-Q,20150630,1065280
255,NFLX,0001065280-17-000180,./Data/Raw_Data/sec-edgar-filings/NFLX/10-Q/0001065280-17-000180/full-submission.txt,10-Q,20170930,1065280
256,NFLX,0001065280-19-000260,./Data/Raw_Data/sec-edgar-filings/NFLX/10-Q/0001065280-19-000260/full-submission.txt,10-Q,20190630,1065280
257,NFLX,0001065280-16-000057,./Data/Raw_Data/sec-edgar-filings/NFLX/10-Q/0001065280-16-000057/full-submission.txt,10-Q,20160331,1065280
258,NFLX,0001065280-20-000451,./Data/Raw_Data/sec-edgar-filings/NFLX/10-Q/0001065280-20-000451/full-submission.txt,10-Q,20200930,1065280
259,NFLX,0001065280-12-000020,./Data/Raw_Data/sec-edgar-filings/NFLX/10-Q/0001065280-12-000020/full-submission.txt,10-Q,20120930,1065280
260,NFLX,0001065280-21-000250,./Data/Raw_Data/sec-edgar-filings/NFLX/10-Q/0001065280-21-000250/full-submission.txt,10-Q,20210630,1065280
261,PYPL,0001633917-15-000008,./Data/Raw_Data/sec-edgar-filings/PYPL/10-Q/0001633917-15-000008/full-submission.txt,10-Q,20150630,1633917
262,PYPL,0001633917-15-000052,./Data/Raw_Data/sec-edgar-filings/PYPL/10-Q/0001633917-15-000052/full-submission.txt,10-Q,20150930,1633917
263,PYPL,0001633917-20-000093,./Data/Raw_Data/sec-edgar-filings/PYPL/10-Q/0001633917-20-000093/full-submission.txt,10-Q,20200331,1633917
264,PYPL,0001633917-19-000118,./Data/Raw_Data/sec-edgar-filings/PYPL/10-Q/0001633917-19-000118/full-submission.txt,10-Q,20190331,1633917
265,PYPL,0001633917-18-000171,./Data/Raw_Data/sec-edgar-filings/PYPL/10-Q/0001633917-18-000171/full-submission.txt,10-Q,20180630,1633917
266,PYPL,0001633917-19-000180,./Data/Raw_Data/sec-edgar-filings/PYPL/10-Q/0001633917-19-000180/full-submission.txt,10-Q,20190630,1633917
267,PYPL,0001633917-19-000210,./Data/Raw_Data/sec-edgar-filings/PYPL/10-Q/0001633917-19-000210/full-submission.txt,10-Q,20190930,1633917
268,PYPL,0001633917-22-000088,./Data/Raw_Data/sec-edgar-filings/PYPL/10-Q/0001633917-22-000088/full-submission.txt,10-Q,20220331,1633917
269,PYPL,0001633917-21-000169,./Data/Raw_Data/sec-edgar-filings/PYPL/10-Q/0001633917-21-000169/full-submission.txt,10-Q,20210930,1633917
270,PYPL,0001633917-18-000096,./Data/Raw_Data/sec-edgar-filings/PYPL/10-Q/0001633917-18-000096/full-submission.txt,10-Q,20180331,1633917
271,PYPL,0001633917-18-000203,./Data/Raw_Data/sec-edgar-filings/PYPL/10-Q/0001633917-18-000203/full-submission.txt,10-Q,20180930,1633917
272,PYPL,0001633917-17-000171,./Data/Raw_Data/sec-edgar-filings/PYPL/10-Q/0001633917-17-000171/full-submission.txt,10-Q,20170930,1633917
273,PYPL,0001633917-21-000149,./Data/Raw_Data/sec-edgar-filings/PYPL/10-Q/0001633917-21-000149/full-submission.txt,10-Q,20210630,1633917
274,PYPL,0001633917-16-000203,./Data/Raw_Data/sec-edgar-filings/PYPL/10-Q/0001633917-16-000203/full-submission.txt,10-Q,20160630,1633917
275,PYPL,0001633917-16-000243,./Data/Raw_Data/sec-edgar-filings/PYPL/10-Q/0001633917-16-000243/full-submission.txt,10-Q,20160930,1633917
276,PYPL,0001633917-17-000075,./Data/Raw_Data/sec-edgar-filings/PYPL/10-Q/0001633917-17-000075/full-submission.txt,10-Q,20170331,1633917
277,PYPL,0001633917-20-000169,./Data/Raw_Data/sec-edgar-filings/PYPL/10-Q/0001633917-20-000169/full-submission.txt,10-Q,20200930,1633917
278,PYPL,0001633917-17-000136,./Data/Raw_Data/sec-edgar-filings/PYPL/10-Q/0001633917-17-000136/full-submission.txt,10-Q,20170630,1633917
279,PYPL,0001633917-20-000134,./Data/Raw_Data/sec-edgar-filings/PYPL/10-Q/0001633917-20-000134/full-submission.txt,10-Q,20200630,1633917
280,PYPL,0001633917-21-000100,./Data/Raw_Data/sec-edgar-filings/PYPL/10-Q/0001633917-21-000100/full-submission.txt,10-Q,20210331,1633917
281,PYPL,0001633917-16-000161,./Data/Raw_Data/sec-edgar-filings/PYPL/10-Q/0001633917-16-000161/full-submission.txt,10-Q,20160331,1633917
282,FANG,0001539838-12-000004,./Data/Raw_Data/sec-edgar-filings/FANG/10-Q/0001539838-12-000004/full-submission.txt,10-Q,20120930,1539838
283,FANG,0001539838-17-000076,./Data/Raw_Data/sec-edgar-filings/FANG/10-Q/0001539838-17-000076/full-submission.txt,10-Q,20170331,1539838
284,FANG,0001539838-13-000053,./Data/Raw_Data/sec-edgar-filings/FANG/10-Q/0001539838-13-000053/full-submission.txt,10-Q,20130630,1539838
285,FANG,0001539838-17-000105,./Data/Raw_Data/sec-edgar-filings/FANG/10-Q/0001539838-17-000105/full-submission.txt,10-Q,20170630,1539838
286,FANG,0001539838-15-000015,./Data/Raw_Data/sec-edgar-filings/FANG/10-Q/0001539838-15-000015/full-submission.txt,10-Q,20150331,1539838
287,FANG,0001539838-20-000101,./Data/Raw_Data/sec-edgar-filings/FANG/10-Q/0001539838-20-000101/full-submission.txt,10-Q,20200630,1539838
288,FANG,0001539838-15-000071,./Data/Raw_Data/sec-edgar-filings/FANG/10-Q/0001539838-15-000071/full-submission.txt,10-Q,20150930,1539838
289,FANG,0001539838-21-000117,./Data/Raw_Data/sec-edgar-filings/FANG/10-Q/0001539838-21-000117/full-submission.txt,10-Q,20210630,1539838
290,FANG,0001539838-21-000126,./Data/Raw_Data/sec-edgar-filings/FANG/10-Q/0001539838-21-000126/full-submission.txt,10-Q,20210930,1539838
291,FANG,0001539838-18-000093,./Data/Raw_Data/sec-edgar-filings/FANG/10-Q/0001539838-18-000093/full-submission.txt,10-Q,20180630,1539838
292,FANG,0001539838-22-000058,./Data/Raw_Data/sec-edgar-filings/FANG/10-Q/0001539838-22-000058/full-submission.txt,10-Q,20220331,1539838
293,FANG,0001539838-16-000171,./Data/Raw_Data/sec-edgar-filings/FANG/10-Q/0001539838-16-000171/full-submission.txt,10-Q,20160331,1539838
294,FANG,0001539838-15-000037,./Data/Raw_Data/sec-edgar-filings/FANG/10-Q/0001539838-15-000037/full-submission.txt,10-Q,20150630,1539838
295,FANG,0001539838-17-000127,./Data/Raw_Data/sec-edgar-filings/FANG/10-Q/0001539838-17-000127/full-submission.txt,10-Q,20170930,1539838
296,FANG,0001539838-16-000253,./Data/Raw_Data/sec-edgar-filings/FANG/10-Q/0001539838-16-000253/full-submission.txt,10-Q,20160930,1539838
297,FANG,0001539838-16-000209,./Data/Raw_Data/sec-edgar-filings/FANG/10-Q/0001539838-16-000209/full-submission.txt,10-Q,20160630,1539838
298,FANG,0001539838-19-000117,./Data/Raw_Data/sec-edgar-filings/FANG/10-Q/0001539838-19-000117/full-submission.txt,10-Q,20190930,1539838
299,FANG,0001539838-14-000115,./Data/Raw_Data/sec-edgar-filings/FANG/10-Q/0001539838-14-000115/full-submission.txt,10-Q,20140930,1539838
300,FANG,0001539838-13-000093,./Data/Raw_Data/sec-edgar-filings/FANG/10-Q/0001539838-13-000093/full-submission.txt,10-Q,20130930,1539838
301,FANG,0001539838-19-000095,./Data/Raw_Data/sec-edgar-filings/FANG/10-Q/0001539838-19-000095/full-submission.txt,10-Q,20190630,1539838
302,FANG,0001539838-20-000111,./Data/Raw_Data/sec-edgar-filings/FANG/10-Q/0001539838-20-000111/full-submission.txt,10-Q,20200930,1539838
303,FANG,0001539838-19-000057,./Data/Raw_Data/sec-edgar-filings/FANG/10-Q/0001539838-19-000057/full-submission.txt,10-Q,20190331,1539838
304,FANG,0001539838-14-000054,./Data/Raw_Data/sec-edgar-filings/FANG/10-Q/0001539838-14-000054/full-submission.txt,10-Q,20140331,1539838
305,FANG,0001539838-18-000054,./Data/Raw_Data/sec-edgar-filings/FANG/10-Q/0001539838-18-000054/full-submission.txt,10-Q,20180331,1539838
306,FANG,0001539838-20-000054,./Data/Raw_Data/sec-edgar-filings/FANG/10-Q/0001539838-20-000054/full-submission.txt,10-Q,20200331,1539838
307,FANG,0001539838-21-000069,./Data/Raw_Data/sec-edgar-filings/FANG/10-Q/0001539838-21-000069/full-submission.txt,10-Q,20210331,1539838
308,FANG,0001539838-18-000117,./Data/Raw_Data/sec-edgar-filings/FANG/10-Q/0001539838-18-000117/full-submission.txt,10-Q,20180930,1539838
309,MRO,0000101778-15-000038,./Data/Raw_Data/sec-edgar-filings/MRO/10-Q/0000101778-15-000038/full-submission.txt,10-Q,20150930,101778
310,MRO,0000101778-17-000121,./Data/Raw_Data/sec-edgar-filings/MRO/10-Q/0000101778-17-000121/full-submission.txt,10-Q,20170930,101778
311,MRO,0000101778-16-000067,./Data/Raw_Data/sec-edgar-filings/MRO/10-Q/0000101778-16-000067/full-submission.txt,10-Q,20160331,101778
312,MRO,0000101778-21-000099,./Data/Raw_Data/sec-edgar-filings/MRO/10-Q/0000101778-21-000099/full-submission.txt,10-Q,20210630,101778
313,MRO,0000101778-12-000029,./Data/Raw_Data/sec-edgar-filings/MRO/10-Q/0000101778-12-000029/full-submission.txt,10-Q,20120930,101778
314,MRO,0000101778-13-000049,./Data/Raw_Data/sec-edgar-filings/MRO/10-Q/0000101778-13-000049/full-submission.txt,10-Q,20130930,101778
315,MRO,0000101778-18-000107,./Data/Raw_Data/sec-edgar-filings/MRO/10-Q/0000101778-18-000107/full-submission.txt,10-Q,20180630,101778
316,MRO,0000101778-20-000081,./Data/Raw_Data/sec-edgar-filings/MRO/10-Q/0000101778-20-000081/full-submission.txt,10-Q,20200331,101778
317,MRO,0000101778-21-000083,./Data/Raw_Data/sec-edgar-filings/MRO/10-Q/0000101778-21-000083/full-submission.txt,10-Q,20210331,101778
318,MRO,0000101778-17-000078,./Data/Raw_Data/sec-edgar-filings/MRO/10-Q/0000101778-17-000078/full-submission.txt,10-Q,20170331,101778
319,MRO,0000101778-19-000070,./Data/Raw_Data/sec-edgar-filings/MRO/10-Q/0000101778-19-000070/full-submission.txt,10-Q,20190331,101778
320,MRO,0001140361-12-035104,./Data/Raw_Data/sec-edgar-filings/MRO/10-Q/0001140361-12-035104/full-submission.txt,10-Q,20120630,101778
321,MRO,0000101778-14-000026,./Data/Raw_Data/sec-edgar-filings/MRO/10-Q/0000101778-14-000026/full-submission.txt,10-Q,20140331,101778
322,MRO,0000101778-19-000093,./Data/Raw_Data/sec-edgar-filings/MRO/10-Q/0000101778-19-000093/full-submission.txt,10-Q,20190630,101778
323,MRO,0000101778-14-000054,./Data/Raw_Data/sec-edgar-filings/MRO/10-Q/0000101778-14-000054/full-submission.txt,10-Q,20140630,101778
324,MRO,0000101778-18-000091,./Data/Raw_Data/sec-edgar-filings/MRO/10-Q/0000101778-18-000091/full-submission.txt,10-Q,20180331,101778
325,MRO,0000101778-20-000111,./Data/Raw_Data/sec-edgar-filings/MRO/10-Q/0000101778-20-000111/full-submission.txt,10-Q,20200930,101778
326,MRO,0000101778-22-000118,./Data/Raw_Data/sec-edgar-filings/MRO/10-Q/0000101778-22-000118/full-submission.txt,10-Q,20220331,101778
327,MRO,0000101778-18-000118,./Data/Raw_Data/sec-edgar-filings/MRO/10-Q/0000101778-18-000118/full-submission.txt,10-Q,20180930,101778
328,MRO,0000101778-19-000113,./Data/Raw_Data/sec-edgar-filings/MRO/10-Q/0000101778-19-000113/full-submission.txt,10-Q,20190930,101778
329,MRO,0000101778-13-000019,./Data/Raw_Data/sec-edgar-filings/MRO/10-Q/0000101778-13-000019/full-submission.txt,10-Q,20130331,101778
330,MRO,0000101778-13-000034,./Data/Raw_Data/sec-edgar-filings/MRO/10-Q/0000101778-13-000034/full-submission.txt,10-Q,20130630,101778
331,MRO,0000101778-16-000079,./Data/Raw_Data/sec-edgar-filings/MRO/10-Q/0000101778-16-000079/full-submission.txt,10-Q,20160630,101778
332,MRO,0000101778-15-000026,./Data/Raw_Data/sec-edgar-filings/MRO/10-Q/0000101778-15-000026/full-submission.txt,10-Q,20150630,101778
333,MRO,0000101778-21-000109,./Data/Raw_Data/sec-edgar-filings/MRO/10-Q/0000101778-21-000109/full-submission.txt,10-Q,20210930,101778
334,MRO,0000101778-16-000103,./Data/Raw_Data/sec-edgar-filings/MRO/10-Q/0000101778-16-000103/full-submission.txt,10-Q,20160930,101778
335,MRO,0000101778-17-000108,./Data/Raw_Data/sec-edgar-filings/MRO/10-Q/0000101778-17-000108/full-submission.txt,10-Q,20170630,101778
336,MRO,0000101778-15-000016,./Data/Raw_Data/sec-edgar-filings/MRO/10-Q/0000101778-15-000016/full-submission.txt,10-Q,20150331,101778
337,MRO,0000101778-20-000103,./Data/Raw_Data/sec-edgar-filings/MRO/10-Q/0000101778-20-000103/full-submission.txt,10-Q,20200630,101778
338,MRO,0000101778-14-000078,./Data/Raw_Data/sec-edgar-filings/MRO/10-Q/0000101778-14-000078/full-submission.txt,10-Q,20140930,101778
339,SPWR,0000867773-18-000082,./Data/Raw_Data/sec-edgar-filings/SPWR/10-Q/0000867773-18-000082/full-submission.txt,10-Q,20180930,867773
340,SPWR,0000867773-15-000028,./Data/Raw_Data/sec-edgar-filings/SPWR/10-Q/0000867773-15-000028/full-submission.txt,10-Q,20150329,867773
341,SPWR,0000867773-16-000169,./Data/Raw_Data/sec-edgar-filings/SPWR/10-Q/0000867773-16-000169/full-submission.txt,10-Q,20161002,867773
342,SPWR,0000867773-15-000075,./Data/Raw_Data/sec-edgar-filings/SPWR/10-Q/0000867773-15-000075/full-submission.txt,10-Q,20150927,867773
343,SPWR,0000867773-18-000041,./Data/Raw_Data/sec-edgar-filings/SPWR/10-Q/0000867773-18-000041/full-submission.txt,10-Q,20180401,867773
344,SPWR,0000867773-20-000041,./Data/Raw_Data/sec-edgar-filings/SPWR/10-Q/0000867773-20-000041/full-submission.txt,10-Q,20200329,867773
345,SPWR,0000867773-20-000076,./Data/Raw_Data/sec-edgar-filings/SPWR/10-Q/0000867773-20-000076/full-submission.txt,10-Q,20200628,867773
346,SPWR,0000867773-21-000045,./Data/Raw_Data/sec-edgar-filings/SPWR/10-Q/0000867773-21-000045/full-submission.txt,10-Q,20210404,867773
347,SPWR,0000867773-20-000098,./Data/Raw_Data/sec-edgar-filings/SPWR/10-Q/0000867773-20-000098/full-submission.txt,10-Q,20200927,867773
348,SPWR,0000867773-21-000060,./Data/Raw_Data/sec-edgar-filings/SPWR/10-Q/0000867773-21-000060/full-submission.txt,10-Q,20210704,867773
349,SPWR,0000867773-17-000066,./Data/Raw_Data/sec-edgar-filings/SPWR/10-Q/0000867773-17-000066/full-submission.txt,10-Q,20171001,867773
350,SPWR,0000867773-16-000145,./Data/Raw_Data/sec-edgar-filings/SPWR/10-Q/0000867773-16-000145/full-submission.txt,10-Q,20160703,867773
351,SPWR,0000867773-19-000066,./Data/Raw_Data/sec-edgar-filings/SPWR/10-Q/0000867773-19-000066/full-submission.txt,10-Q,20190929,867773
352,SPWR,0000867773-16-000120,./Data/Raw_Data/sec-edgar-filings/SPWR/10-Q/0000867773-16-000120/full-submission.txt,10-Q,20160403,867773
353,SPWR,0000867773-14-000039,./Data/Raw_Data/sec-edgar-filings/SPWR/10-Q/0000867773-14-000039/full-submission.txt,10-Q,20140629,867773
354,SPWR,0000867773-14-000053,./Data/Raw_Data/sec-edgar-filings/SPWR/10-Q/0000867773-14-000053/full-submission.txt,10-Q,20140928,867773
355,SPWR,0000867773-19-000023,./Data/Raw_Data/sec-edgar-filings/SPWR/10-Q/0000867773-19-000023/full-submission.txt,10-Q,20190331,867773
356,SPWR,0000867773-19-000047,./Data/Raw_Data/sec-edgar-filings/SPWR/10-Q/0000867773-19-000047/full-submission.txt,10-Q,20190630,867773
357,SPWR,0000867773-22-000029,./Data/Raw_Data/sec-edgar-filings/SPWR/10-Q/0000867773-22-000029/full-submission.txt,10-Q,20220403,867773
358,SPWR,0000867773-14-000027,./Data/Raw_Data/sec-edgar-filings/SPWR/10-Q/0000867773-14-000027/full-submission.txt,10-Q,20140330,867773
359,SPWR,0000867773-17-000040,./Data/Raw_Data/sec-edgar-filings/SPWR/10-Q/0000867773-17-000040/full-submission.txt,10-Q,20170402,867773
360,SPWR,0000867773-13-000064,./Data/Raw_Data/sec-edgar-filings/SPWR/10-Q/0000867773-13-000064/full-submission.txt,10-Q,20130929,867773
361,SPWR,0000867773-13-000030,./Data/Raw_Data/sec-edgar-filings/SPWR/10-Q/0000867773-13-000030/full-submission.txt,10-Q,20130331,867773
362,SPWR,0000867773-21-000076,./Data/Raw_Data/sec-edgar-filings/SPWR/10-Q/0000867773-21-000076/full-submission.txt,10-Q,20211003,867773
363,SPWR,0000867773-17-000053,./Data/Raw_Data/sec-edgar-filings/SPWR/10-Q/0000867773-17-000053/full-submission.txt,10-Q,20170702,867773
364,SPWR,0000867773-18-000067,./Data/Raw_Data/sec-edgar-filings/SPWR/10-Q/0000867773-18-000067/full-submission.txt,10-Q,20180630,867773
365,SPWR,0000867773-15-000063,./Data/Raw_Data/sec-edgar-filings/SPWR/10-Q/0000867773-15-000063/full-submission.txt,10-Q,20150628,867773
366,ABNB,0001559720-22-000009,./Data/Raw_Data/sec-edgar-filings/ABNB/10-Q/0001559720-22-000009/full-submission.txt,10-Q,20220331,1559720
367,ABNB,0001628280-21-010389,./Data/Raw_Data/sec-edgar-filings/ABNB/10-Q/0001628280-21-010389/full-submission.txt,10-Q,20210331,1559720
368,ABNB,0001628280-21-016979,./Data/Raw_Data/sec-edgar-filings/ABNB/10-Q/0001628280-21-016979/full-submission.txt,10-Q,20210630,1559720
369,ABNB,0001559720-21-000017,./Data/Raw_Data/sec-edgar-filings/ABNB/10-Q/0001559720-21-000017/full-submission.txt,10-Q,20210930,1559720
370,JPM,0000019617-15-000318,./Data/Raw_Data/sec-edgar-filings/JPM/10-Q/0000019617-15-000318/full-submission.txt,10-Q,20150331,19617
371,JPM,0000019617-21-000458,./Data/Raw_Data/sec-edgar-filings/JPM/10-Q/0000019617-21-000458/full-submission.txt,10-Q,20210930,19617
372,JPM,0000019617-20-000438,./Data/Raw_Data/sec-edgar-filings/JPM/10-Q/0000019617-20-000438/full-submission.txt,10-Q,20200930,19617
373,JPM,0000019617-14-000409,./Data/Raw_Data/sec-edgar-filings/JPM/10-Q/0000019617-14-000409/full-submission.txt,10-Q,20140630,19617
374,JPM,0000019617-19-000067,./Data/Raw_Data/sec-edgar-filings/JPM/10-Q/0000019617-19-000067/full-submission.txt,10-Q,20190331,19617
375,JPM,0000019617-12-000308,./Data/Raw_Data/sec-edgar-filings/JPM/10-Q/0000019617-12-000308/full-submission.txt,10-Q,20120930,19617
376,JPM,0000019617-21-000373,./Data/Raw_Data/sec-edgar-filings/JPM/10-Q/0000019617-21-000373/full-submission.txt,10-Q,20210630,19617
377,JPM,0000019617-17-000552,./Data/Raw_Data/sec-edgar-filings/JPM/10-Q/0000019617-17-000552/full-submission.txt,10-Q,20170930,19617
378,JPM,0000019617-14-000339,./Data/Raw_Data/sec-edgar-filings/JPM/10-Q/0000019617-14-000339/full-submission.txt,10-Q,20140331,19617
379,JPM,0000019617-18-000151,./Data/Raw_Data/sec-edgar-filings/JPM/10-Q/0000019617-18-000151/full-submission.txt,10-Q,20180630,19617
380,JPM,0000019617-17-000486,./Data/Raw_Data/sec-edgar-filings/JPM/10-Q/0000019617-17-000486/full-submission.txt,10-Q,20170630,19617
381,JPM,0000019617-15-000367,./Data/Raw_Data/sec-edgar-filings/JPM/10-Q/0000019617-15-000367/full-submission.txt,10-Q,20150630,19617
382,JPM,0000019617-16-001150,./Data/Raw_Data/sec-edgar-filings/JPM/10-Q/0000019617-16-001150/full-submission.txt,10-Q,20160930,19617
383,JPM,0000019617-19-000127,./Data/Raw_Data/sec-edgar-filings/JPM/10-Q/0000019617-19-000127/full-submission.txt,10-Q,20190630,19617
384,JPM,0000019617-22-000319,./Data/Raw_Data/sec-edgar-filings/JPM/10-Q/0000019617-22-000319/full-submission.txt,10-Q,20220331,19617
385,JPM,0000019617-20-000299,./Data/Raw_Data/sec-edgar-filings/JPM/10-Q/0000019617-20-000299/full-submission.txt,10-Q,20200331,19617
386,JPM,0000019617-21-000292,./Data/Raw_Data/sec-edgar-filings/JPM/10-Q/0000019617-21-000292/full-submission.txt,10-Q,20210331,19617
387,JPM,0000019617-15-000464,./Data/Raw_Data/sec-edgar-filings/JPM/10-Q/0000019617-15-000464/full-submission.txt,10-Q,20150930,19617
388,JPM,0000019617-18-000206,./Data/Raw_Data/sec-edgar-filings/JPM/10-Q/0000019617-18-000206/full-submission.txt,10-Q,20180930,19617
389,JPM,0000019617-19-000232,./Data/Raw_Data/sec-edgar-filings/JPM/10-Q/0000019617-19-000232/full-submission.txt,10-Q,20190930,19617
390,JPM,0000019617-16-001056,./Data/Raw_Data/sec-edgar-filings/JPM/10-Q/0000019617-16-001056/full-submission.txt,10-Q,20160630,19617
391,JPM,0000019617-13-000300,./Data/Raw_Data/sec-edgar-filings/JPM/10-Q/0000019617-13-000300/full-submission.txt,10-Q,20130331,19617
392,JPM,0000019617-20-000372,./Data/Raw_Data/sec-edgar-filings/JPM/10-Q/0000019617-20-000372/full-submission.txt,10-Q,20200630,19617
393,JPM,0000019617-14-000451,./Data/Raw_Data/sec-edgar-filings/JPM/10-Q/0000019617-14-000451/full-submission.txt,10-Q,20140930,19617
394,JPM,0000019617-13-000354,./Data/Raw_Data/sec-edgar-filings/JPM/10-Q/0000019617-13-000354/full-submission.txt,10-Q,20130630,19617
395,JPM,0000019617-18-000092,./Data/Raw_Data/sec-edgar-filings/JPM/10-Q/0000019617-18-000092/full-submission.txt,10-Q,20180331,19617
396,JPM,0000019617-17-000364,./Data/Raw_Data/sec-edgar-filings/JPM/10-Q/0000019617-17-000364/full-submission.txt,10-Q,20170331,19617
397,JPM,0000019617-16-000960,./Data/Raw_Data/sec-edgar-filings/JPM/10-Q/0000019617-16-000960/full-submission.txt,10-Q,20160331,19617
398,JPM,0000019617-13-000400,./Data/Raw_Data/sec-edgar-filings/JPM/10-Q/0000019617-13-000400/full-submission.txt,10-Q,20130930,19617
399,JPM,0000019617-12-000264,./Data/Raw_Data/sec-edgar-filings/JPM/10-Q/0000019617-12-000264/full-submission.txt,10-Q,20120630,19617
400,DVN,0000950170-22-007007,./Data/Raw_Data/sec-edgar-filings/DVN/10-Q/0000950170-22-007007/full-submission.txt,10-Q,20220331,1090012
401,DVN,0001564590-17-020684,./Data/Raw_Data/sec-edgar-filings/DVN/10-Q/0001564590-17-020684/full-submission.txt,10-Q,20170930,1090012
402,DVN,0001193125-14-192498,./Data/Raw_Data/sec-edgar-filings/DVN/10-Q/0001193125-14-192498/full-submission.txt,10-Q,20140331,1090012
403,DVN,0001564590-16-022255,./Data/Raw_Data/sec-edgar-filings/DVN/10-Q/0001564590-16-022255/full-submission.txt,10-Q,20160630,1090012
404,DVN,0001193125-15-174003,./Data/Raw_Data/sec-edgar-filings/DVN/10-Q/0001193125-15-174003/full-submission.txt,10-Q,20150331,1090012
405,DVN,0001564590-21-040600,./Data/Raw_Data/sec-edgar-filings/DVN/10-Q/0001564590-21-040600/full-submission.txt,10-Q,20210630,1090012
406,DVN,0001564590-19-014637,./Data/Raw_Data/sec-edgar-filings/DVN/10-Q/0001564590-19-014637/full-submission.txt,10-Q,20190331,1090012
407,DVN,0001564590-18-027813,./Data/Raw_Data/sec-edgar-filings/DVN/10-Q/0001564590-18-027813/full-submission.txt,10-Q,20180930,1090012
408,DVN,0001193125-15-365650,./Data/Raw_Data/sec-edgar-filings/DVN/10-Q/0001193125-15-365650/full-submission.txt,10-Q,20150930,1090012
409,DVN,0001564590-19-040774,./Data/Raw_Data/sec-edgar-filings/DVN/10-Q/0001564590-19-040774/full-submission.txt,10-Q,20190930,1090012
410,DVN,0001193125-14-298369,./Data/Raw_Data/sec-edgar-filings/DVN/10-Q/0001193125-14-298369/full-submission.txt,10-Q,20140630,1090012
411,DVN,0001564590-18-018317,./Data/Raw_Data/sec-edgar-filings/DVN/10-Q/0001564590-18-018317/full-submission.txt,10-Q,20180630,1090012
412,DVN,0001564590-17-014800,./Data/Raw_Data/sec-edgar-filings/DVN/10-Q/0001564590-17-014800/full-submission.txt,10-Q,20170630,1090012
413,DVN,0001564590-17-008268,./Data/Raw_Data/sec-edgar-filings/DVN/10-Q/0001564590-17-008268/full-submission.txt,10-Q,20170331,1090012
414,DVN,0001564590-21-053780,./Data/Raw_Data/sec-edgar-filings/DVN/10-Q/0001564590-21-053780/full-submission.txt,10-Q,20210930,1090012
415,DVN,0001193125-12-329113,./Data/Raw_Data/sec-edgar-filings/DVN/10-Q/0001193125-12-329113/full-submission.txt,10-Q,20120630,1090012
416,DVN,0001193125-16-577021,./Data/Raw_Data/sec-edgar-filings/DVN/10-Q/0001193125-16-577021/full-submission.txt,10-Q,20160331,1090012
417,DVN,0001564590-21-023786,./Data/Raw_Data/sec-edgar-filings/DVN/10-Q/0001564590-21-023786/full-submission.txt,10-Q,20210331,1090012
418,DVN,0001564590-16-026889,./Data/Raw_Data/sec-edgar-filings/DVN/10-Q/0001564590-16-026889/full-submission.txt,10-Q,20160930,1090012
419,DVN,0001564590-19-029786,./Data/Raw_Data/sec-edgar-filings/DVN/10-Q/0001564590-19-029786/full-submission.txt,10-Q,20190630,1090012
420,DVN,0001193125-13-323925,./Data/Raw_Data/sec-edgar-filings/DVN/10-Q/0001193125-13-323925/full-submission.txt,10-Q,20130630,1090012
421,DVN,0001193125-15-278454,./Data/Raw_Data/sec-edgar-filings/DVN/10-Q/0001193125-15-278454/full-submission.txt,10-Q,20150630,1090012
422,DVN,0001564590-20-021639,./Data/Raw_Data/sec-edgar-filings/DVN/10-Q/0001564590-20-021639/full-submission.txt,10-Q,20200331,1090012
423,DVN,0001564590-18-010177,./Data/Raw_Data/sec-edgar-filings/DVN/10-Q/0001564590-18-010177/full-submission.txt,10-Q,20180331,1090012
424,DVN,0001193125-14-397861,./Data/Raw_Data/sec-edgar-filings/DVN/10-Q/0001193125-14-397861/full-submission.txt,10-Q,20140930,1090012
425,DVN,0001564590-20-049203,./Data/Raw_Data/sec-edgar-filings/DVN/10-Q/0001564590-20-049203/full-submission.txt,10-Q,20200930,1090012
426,DVN,0001564590-20-036568,./Data/Raw_Data/sec-edgar-filings/DVN/10-Q/0001564590-20-036568/full-submission.txt,10-Q,20200630,1090012
