,ticker,companyName,cik,accessionNo,formType,periodOfReport,linkToFilingDetails
0,ABNB,"Airbnb, Inc.",1559720,0001559720-22-000009,10-Q,2022-03-31,https://www.sec.gov/Archives/edgar/data/1559720/000155972022000009/abnb-20220331.htm
1,ABNB,"Airbnb, Inc.",1559720,0001559720-21-000017,10-Q,2021-09-30,https://www.sec.gov/Archives/edgar/data/1559720/000155972021000017/abnb-20210930.htm
2,ABNB,"Airbnb, Inc.",1559720,0001628280-21-016979,10-Q,2021-06-30,https://www.sec.gov/Archives/edgar/data/1559720/000162828021016979/abnb-20210630.htm
3,ABNB,"Airbnb, Inc.",1559720,0001628280-21-010389,10-Q,2021-03-31,https://www.sec.gov/Archives/edgar/data/1559720/000162828021010389/abnb-20210331.htm
4,BLK,BlackRock Inc.,1364742,0001564590-22-018505,10-Q,2022-03-31,https://www.sec.gov/Archives/edgar/data/1364742/000156459022018505/blk-10q_20220331.htm
5,BLK,BlackRock Inc.,1364742,0001564590-21-054838,10-Q,2021-09-30,https://www.sec.gov/Archives/edgar/data/1364742/000156459021054838/blk-10q_20210930.htm
6,BLK,BlackRock Inc.,1364742,0001564590-21-041406,10-Q,2021-06-30,https://www.sec.gov/Archives/edgar/data/1364742/000156459021041406/blk-10q_20210630.htm
7,BLK,BlackRock Inc.,1364742,0001564590-21-024726,10-Q,2021-03-31,https://www.sec.gov/Archives/edgar/data/1364742/000156459021024726/blk-10q_20210331.htm
8,BLK,BlackRock Inc.,1364742,0001564590-20-051202,10-Q,2020-09-30,https://www.sec.gov/Archives/edgar/data/1364742/000156459020051202/blk-10q_20200930.htm
9,BLK,BlackRock Inc.,1364742,0001564590-20-038433,10-Q,2020-06-30,https://www.sec.gov/ix?doc=/Archives/edgar/data/1364742/000156459020038433/blk-10q_20200630.htm
10,BLK,BlackRock Inc.,1364742,0001564590-20-023352,10-Q,2020-03-31,https://www.sec.gov/ix?doc=/Archives/edgar/data/1364742/000156459020023352/blk-10q_20200331.htm
11,BLK,BlackRock Inc.,1364742,0001564590-19-042157,10-Q,2019-09-30,https://www.sec.gov/ix?doc=/Archives/edgar/data/1364742/000156459019042157/blk-10q_20190930.htm
12,BLK,BlackRock Inc.,1364742,0001564590-19-030654,10-Q,2019-06-30,https://www.sec.gov/ix?doc=/Archives/edgar/data/1364742/000156459019030654/blk-10q_20190630.htm
13,BLK,BlackRock Inc.,1364742,0001564590-19-017793,10-Q,2019-03-31,https://www.sec.gov/ix?doc=/Archives/edgar/data/1364742/000156459019017793/blk-10q_20190331.htm
14,BLK,BlackRock Inc.,1364742,0001564590-18-028881,10-Q,,https://www.sec.gov/Archives/edgar/data/1364742/000156459018028881/blk-10q_20180930.htm
15,BLK,BlackRock Inc.,1364742,0001564590-18-020313,10-Q,,https://www.sec.gov/Archives/edgar/data/1364742/000156459018020313/blk-10q_20180630.htm
16,BLK,BlackRock Inc.,1364742,0001564590-18-012320,10-Q,,https://www.sec.gov/Archives/edgar/data/1364742/000156459018012320/blk-10q_20180331.htm
17,BLK,BlackRock Inc.,1364742,0001564590-17-022570,10-Q,,https://www.sec.gov/Archives/edgar/data/1364742/000156459017022570/blk-10q_20170930.htm
18,BLK,BlackRock Inc.,1364742,0001564590-17-016394,10-Q,,https://www.sec.gov/Archives/edgar/data/1364742/000156459017016394/blk-10q_20170630.htm
19,BLK,BlackRock Inc.,1364742,0001564590-17-009686,10-Q,,https://www.sec.gov/Archives/edgar/data/1364742/000156459017009686/blk-10q_20170331.htm
20,BLK,BlackRock Inc.,1364742,0001564590-16-028171,10-Q,,https://www.sec.gov/Archives/edgar/data/1364742/000156459016028171/blk-10q_20160930.htm
21,BLK,BlackRock Inc.,1364742,0001564590-16-023209,10-Q,,https://www.sec.gov/Archives/edgar/data/1364742/000156459016023209/blk-10q_20160630.htm
22,BLK,BlackRock Inc.,1364742,0001564590-16-018688,10-Q,,https://www.sec.gov/Archives/edgar/data/1364742/000156459016018688/blk-10q_20160331.htm
23,BLK,BlackRock Inc.,1364742,0001564590-15-009883,10-Q,,https://www.sec.gov/Archives/edgar/data/1364742/000156459015009883/blk-10q_20150930.htm
24,BLK,BlackRock Inc.,1364742,0001193125-15-283171,10-Q,,https://www.sec.gov/Archives/edgar/data/1364742/000119312515283171/d14172d10q.htm
25,BLK,BlackRock Inc.,1364742,0001193125-15-179094,10-Q,,https://www.sec.gov/Archives/edgar/data/1364742/000119312515179094/d884015d10q.htm
26,BLK,BlackRock Inc.,1364742,0001193125-14-403120,10-Q,2014-09-30,https://www.sec.gov/Archives/edgar/data/1364742/000119312514403120/d800369d10q.htm
27,BLK,BlackRock Inc.,1364742,0001193125-14-302181,10-Q,2014-06-30,https://www.sec.gov/Archives/edgar/data/1364742/000119312514302181/d756612d10q.htm
28,BLK,BlackRock Inc.,1364742,0001193125-14-192207,10-Q,2014-03-31,https://www.sec.gov/Archives/edgar/data/1364742/000119312514192207/d686413d10q.htm
29,BLK,BlackRock Inc.,1364742,0001193125-13-434891,10-Q,2013-09-30,https://www.sec.gov/Archives/edgar/data/1364742/000119312513434891/d584518d10q.htm
30,BLK,BlackRock Inc.,1364742,0001193125-13-326890,10-Q,2013-06-30,https://www.sec.gov/Archives/edgar/data/1364742/000119312513326890/d539907d10q.htm
31,BLK,BlackRock Inc.,1364742,0001193125-13-210506,10-Q,2013-03-31,https://www.sec.gov/Archives/edgar/data/1364742/000119312513210506/d502200d10q.htm
32,BLK,BlackRock Inc.,1364742,0001193125-12-460708,10-Q,,https://www.sec.gov/Archives/edgar/data/1364742/000119312512460708/d406649d10q.htm
33,BLK,BlackRock Inc.,1364742,0001193125-12-343728,10-Q,,https://www.sec.gov/Archives/edgar/data/1364742/000119312512343728/d363785d10q.htm
34,DVN,DEVON ENERGY CORP/DE,1090012,0000950170-22-007007,10-Q,2022-03-31,https://www.sec.gov/Archives/edgar/data/1090012/000095017022007007/dvn-20220331.htm
35,DVN,DEVON ENERGY CORP/DE,1090012,0001564590-21-053780,10-Q,2021-09-30,https://www.sec.gov/Archives/edgar/data/1090012/000156459021053780/dvn-10q_20210930.htm
36,DVN,DEVON ENERGY CORP/DE,1090012,0001564590-21-040600,10-Q,2021-06-30,https://www.sec.gov/Archives/edgar/data/1090012/000156459021040600/dvn-10q_20210630.htm
37,DVN,DEVON ENERGY CORP/DE,1090012,0001564590-21-023786,10-Q,2021-03-31,https://www.sec.gov/Archives/edgar/data/1090012/000156459021023786/dvn-10q_20210331.htm
38,DVN,DEVON ENERGY CORP/DE,1090012,0001564590-20-049203,10-Q,2020-09-30,https://www.sec.gov/Archives/edgar/data/1090012/000156459020049203/dvn-10q_20200930.htm
39,DVN,DEVON ENERGY CORP/DE,1090012,0001564590-20-036568,10-Q,2020-06-30,https://www.sec.gov/ix?doc=/Archives/edgar/data/1090012/000156459020036568/dvn-10q_20200630.htm
40,DVN,DEVON ENERGY CORP/DE,1090012,0001564590-20-021639,10-Q,2020-03-31,https://www.sec.gov/ix?doc=/Archives/edgar/data/1090012/000156459020021639/dvn-10q_20200331.htm
41,DVN,DEVON ENERGY CORP/DE,1090012,0001564590-19-040774,10-Q,2019-09-30,https://www.sec.gov/ix?doc=/Archives/edgar/data/1090012/000156459019040774/dvn-10q_20190930.htm
42,DVN,DEVON ENERGY CORP/DE,1090012,0001564590-19-029786,10-Q,2019-06-30,https://www.sec.gov/ix?doc=/Archives/edgar/data/1090012/000156459019029786/dvn-10q_20190630.htm
43,DVN,DEVON ENERGY CORP/DE,1090012,0001564590-19-014637,10-Q,2019-03-31,https://www.sec.gov/ix?doc=/Archives/edgar/data/1090012/000156459019014637/dvn-10q_20190331.htm
44,DVN,DEVON ENERGY CORP/DE,1090012,0001564590-18-027813,10-Q,,https://www.sec.gov/ix?doc=/Archives/edgar/data/1090012/000156459018027813/dvn-10q_20180930.htm
45,DVN,DEVON ENERGY CORP/DE,1090012,0001564590-18-018317,10-Q,,https://www.sec.gov/Archives/edgar/data/1090012/000156459018018317/dvn-10q_20180630.htm
46,DVN,DEVON ENERGY CORP/DE,1090012,0001564590-18-010177,10-Q,,https://www.sec.gov/Archives/edgar/data/1090012/000156459018010177/dvn-10q_20180331.htm
47,DVN,DEVON ENERGY CORP/DE,1090012,0001564590-17-020684,10-Q,,https://www.sec.gov/Archives/edgar/data/1090012/000156459017020684/dvn-10q_20170930.htm
48,DVN,DEVON ENERGY CORP/DE,1090012,0001564590-17-014800,10-Q,,https://www.sec.gov/Archives/edgar/data/1090012/000156459017014800/dvn-10q_20170630.htm
49,DVN,DEVON ENERGY CORP/DE,1090012,0001564590-17-008268,10-Q,,https://www.sec.gov/Archives/edgar/data/1090012/000156459017008268/dvn-10q_20170331.htm
50,DVN,DEVON ENERGY CORP/DE,1090012,0001564590-16-026889,10-Q,,https://www.sec.gov/Archives/edgar/data/1090012/000156459016026889/dvn-10q_20160930.htm
51,DVN,DEVON ENERGY CORP/DE,1090012,0001564590-16-022255,10-Q,,https://www.sec.gov/Archives/edgar/data/1090012/000156459016022255/dvn-10q_20160630.htm
52,DVN,DEVON ENERGY CORP/DE,1090012,0001193125-16-577021,10-Q,,https://www.sec.gov/Archives/edgar/data/1090012/000119312516577021/d172210d10q.htm
53,DVN,DEVON ENERGY CORP/DE,1090012,0001193125-15-365650,10-Q,,https://www.sec.gov/Archives/edgar/data/1090012/000119312515365650/d23744d10q.htm
54,DVN,DEVON ENERGY CORP/DE,1090012,0001193125-15-278454,10-Q,,https://www.sec.gov/Archives/edgar/data/1090012/000119312515278454/d26549d10q.htm
55,DVN,DEVON ENERGY CORP/DE,1090012,0001193125-15-174003,10-Q,,https://www.sec.gov/Archives/edgar/data/1090012/000119312515174003/d913733d10q.htm
56,DVN,DEVON ENERGY CORP/DE,1090012,0001193125-14-397861,10-Q,2014-09-30,https://www.sec.gov/Archives/edgar/data/1090012/000119312514397861/d808328d10q.htm
57,DVN,DEVON ENERGY CORP/DE,1090012,0001193125-14-298369,10-Q,2014-06-30,https://www.sec.gov/Archives/edgar/data/1090012/000119312514298369/d761940d10q.htm
58,DVN,DEVON ENERGY CORP/DE,1090012,0001193125-14-192498,10-Q,2014-03-31,https://www.sec.gov/Archives/edgar/data/1090012/000119312514192498/d718246d10q.htm
59,DVN,DEVON ENERGY CORP/DE,1090012,0001193125-13-429977,10-Q,2013-09-30,https://www.sec.gov/Archives/edgar/data/1090012/000119312513429977/d620405d10q.htm
60,DVN,DEVON ENERGY CORP/DE,1090012,0001193125-13-323925,10-Q,2013-06-30,https://www.sec.gov/Archives/edgar/data/1090012/000119312513323925/d569585d10q.htm
61,DVN,DEVON ENERGY CORP/DE,1090012,0001193125-13-192272,10-Q,2013-03-31,https://www.sec.gov/Archives/edgar/data/1090012/000119312513192272/d524180d10q.htm
62,DVN,DEVON ENERGY CORP/DE,1090012,0001193125-12-457117,10-Q,2012-09-30,https://www.sec.gov/Archives/edgar/data/1090012/000119312512457117/d435808d10q.htm
63,DVN,DEVON ENERGY CORP/DE,1090012,0001193125-12-329113,10-Q,,https://www.sec.gov/Archives/edgar/data/1090012/000119312512329113/d388411d10q.htm
64,FANG,"Diamondback Energy, Inc.",1539838,0001539838-22-000058,10-Q,2022-03-31,https://www.sec.gov/ix?doc=/Archives/edgar/data/1539838/000153983822000058/fang-20220331.htm
65,FANG,"Diamondback Energy, Inc.",1539838,0001539838-21-000126,10-Q,2021-09-30,https://www.sec.gov/Archives/edgar/data/1539838/000153983821000126/fang-20210930.htm
66,FANG,"Diamondback Energy, Inc.",1539838,0001539838-21-000117,10-Q,2021-06-30,https://www.sec.gov/Archives/edgar/data/1539838/000153983821000117/fang-20210630.htm
67,FANG,"Diamondback Energy, Inc.",1539838,0001539838-21-000069,10-Q,2021-03-31,https://www.sec.gov/Archives/edgar/data/1539838/000153983821000069/fang-20210331.htm
68,FANG,"Diamondback Energy, Inc.",1539838,0001539838-20-000111,10-Q,2020-09-30,https://www.sec.gov/Archives/edgar/data/1539838/000153983820000111/fang-20200930.htm
69,FANG,"Diamondback Energy, Inc.",1539838,0001539838-20-000101,10-Q,2020-06-30,https://www.sec.gov/ix?doc=/Archives/edgar/data/1539838/000153983820000101/fang-20200630.htm
70,FANG,"Diamondback Energy, Inc.",1539838,0001539838-20-000054,10-Q,2020-03-31,https://www.sec.gov/ix?doc=/Archives/edgar/data/1539838/000153983820000054/q12020diamondback10-q.htm
71,FANG,"Diamondback Energy, Inc.",1539838,0001539838-19-000117,10-Q,2019-09-30,https://www.sec.gov/ix?doc=/Archives/edgar/data/1539838/000153983819000117/q32019diamondback10-q.htm
72,FANG,"Diamondback Energy, Inc.",1539838,0001539838-19-000095,10-Q,2019-06-30,https://www.sec.gov/ix?doc=/Archives/edgar/data/1539838/000153983819000095/q22019diamondback10-q.htm
73,FANG,"Diamondback Energy, Inc.",1539838,0001539838-19-000057,10-Q,2019-03-31,https://www.sec.gov/ix?doc=/Archives/edgar/data/1539838/000153983819000057/q12019diamondback10-q.htm
74,FANG,"Diamondback Energy, Inc.",1539838,0001539838-18-000117,10-Q,,https://www.sec.gov/Archives/edgar/data/1539838/000153983818000117/q32018diamondback10-q.htm
75,FANG,"Diamondback Energy, Inc.",1539838,0001539838-18-000093,10-Q,,https://www.sec.gov/Archives/edgar/data/1539838/000153983818000093/q22018diamondback10-q.htm
76,FANG,"Diamondback Energy, Inc.",1539838,0001539838-18-000054,10-Q,,https://www.sec.gov/Archives/edgar/data/1539838/000153983818000054/q12018diamondback10-q.htm
77,FANG,"Diamondback Energy, Inc.",1539838,0001539838-17-000127,10-Q,,https://www.sec.gov/Archives/edgar/data/1539838/000153983817000127/q32017diamondback10-q.htm
78,FANG,"Diamondback Energy, Inc.",1539838,0001539838-17-000105,10-Q,,https://www.sec.gov/Archives/edgar/data/1539838/000153983817000105/q22017diamondback10-q.htm
79,FANG,"Diamondback Energy, Inc.",1539838,0001539838-17-000076,10-Q,,https://www.sec.gov/Archives/edgar/data/1539838/000153983817000076/q12017diamondback10-q.htm
80,FANG,"Diamondback Energy, Inc.",1539838,0001539838-16-000253,10-Q,,https://www.sec.gov/Archives/edgar/data/1539838/000153983816000253/q32016diamondback10-q.htm
81,FANG,"Diamondback Energy, Inc.",1539838,0001539838-16-000209,10-Q,,https://www.sec.gov/Archives/edgar/data/1539838/000153983816000209/q22016diamondback10-q.htm
82,FANG,"Diamondback Energy, Inc.",1539838,0001539838-16-000171,10-Q,,https://www.sec.gov/Archives/edgar/data/1539838/000153983816000171/q12016diamondback10-q.htm
83,FANG,"Diamondback Energy, Inc.",1539838,0001539838-15-000090,10-Q/A,,https://www.sec.gov/Archives/edgar/data/1539838/000153983815000090/q32015diamondback10-qa.htm
84,FANG,"Diamondback Energy, Inc.",1539838,0001539838-15-000071,10-Q,,https://www.sec.gov/Archives/edgar/data/1539838/000153983815000071/q32015diamondback10-q.htm
85,FANG,"Diamondback Energy, Inc.",1539838,0001539838-15-000037,10-Q,,https://www.sec.gov/Archives/edgar/data/1539838/000153983815000037/a6301510-q.htm
86,FANG,"Diamondback Energy, Inc.",1539838,0001539838-15-000015,10-Q,,https://www.sec.gov/Archives/edgar/data/1539838/000153983815000015/a3311510-q.htm
87,FANG,"Diamondback Energy, Inc.",1539838,0001539838-14-000115,10-Q,2014-09-30,https://www.sec.gov/Archives/edgar/data/1539838/000153983814000115/a9301410-q.htm
88,FANG,"Diamondback Energy, Inc.",1539838,0001539838-14-000081,10-Q,2014-06-30,https://www.sec.gov/Archives/edgar/data/1539838/000153983814000081/a6301410-q.htm
89,FANG,"Diamondback Energy, Inc.",1539838,0001539838-14-000058,10-Q/A,2014-03-31,https://www.sec.gov/Archives/edgar/data/1539838/000153983814000058/q12014diamondback10-qa.htm
90,FANG,"Diamondback Energy, Inc.",1539838,0001539838-14-000054,10-Q,2014-03-31,https://www.sec.gov/Archives/edgar/data/1539838/000153983814000054/a3311410-q.htm
91,FANG,"Diamondback Energy, Inc.",1539838,0001539838-13-000093,10-Q,2013-09-30,https://www.sec.gov/Archives/edgar/data/1539838/000153983813000093/a9301310-q.htm
92,FANG,"Diamondback Energy, Inc.",1539838,0001539838-13-000053,10-Q,2013-06-30,https://www.sec.gov/Archives/edgar/data/1539838/000153983813000053/a6301310-q.htm
93,FANG,"Diamondback Energy, Inc.",1539838,0001539838-13-000029,10-Q,2013-03-31,https://www.sec.gov/Archives/edgar/data/1539838/000153983813000029/a3311310-q.htm
94,FANG,"Diamondback Energy, Inc.",1539838,0001539838-12-000006,10-Q/A,,https://www.sec.gov/Archives/edgar/data/1539838/000153983812000006/a10-qadiamonbackenergyinc.htm
95,FANG,"Diamondback Energy, Inc.",1539838,0001539838-12-000004,10-Q,,https://www.sec.gov/Archives/edgar/data/1539838/000153983812000004/a9301210-q.htm
96,FB,"Meta Platforms, Inc.",1326801,0001326801-22-000057,10-Q,2022-03-31,https://www.sec.gov/Archives/edgar/data/1326801/000132680122000057/meta-20220331.htm
97,FB,Facebook Inc,1326801,0001326801-21-000065,10-Q,2021-09-30,https://www.sec.gov/Archives/edgar/data/1326801/000132680121000065/fb-20210930.htm
98,FB,Facebook Inc,1326801,0001326801-21-000049,10-Q,2021-06-30,https://www.sec.gov/Archives/edgar/data/1326801/000132680121000049/fb-20210630.htm
99,FB,Facebook Inc,1326801,0001326801-21-000033,10-Q,2021-03-31,https://www.sec.gov/Archives/edgar/data/1326801/000132680121000033/fb-20210331.htm
100,FB,Facebook Inc,1326801,0001326801-20-000084,10-Q,2020-09-30,https://www.sec.gov/Archives/edgar/data/1326801/000132680120000084/fb-09302020x10q.htm
101,FB,Facebook Inc,1326801,0001326801-20-000076,10-Q,2020-06-30,https://www.sec.gov/ix?doc=/Archives/edgar/data/1326801/000132680120000076/fb-06302020x10q.htm
102,FB,Facebook Inc,1326801,0001326801-20-000048,10-Q,2020-03-31,https://www.sec.gov/ix?doc=/Archives/edgar/data/1326801/000132680120000048/fb-03312020x10q.htm
103,FB,Facebook Inc,1326801,0001326801-19-000069,10-Q,2019-09-30,https://www.sec.gov/ix?doc=/Archives/edgar/data/1326801/000132680119000069/fb-09302019x10q.htm
104,FB,Facebook Inc,1326801,0001326801-19-000055,10-Q,2019-06-30,https://www.sec.gov/ix?doc=/Archives/edgar/data/1326801/000132680119000055/fb-06302019x10q.htm
105,FB,Facebook Inc,1326801,0001326801-19-000037,10-Q,2019-03-31,https://www.sec.gov/Archives/edgar/data/1326801/000132680119000037/fb-03312019x10q.htm
106,FB,Facebook Inc,1326801,0001326801-18-000067,10-Q,,https://www.sec.gov/Archives/edgar/data/1326801/000132680118000067/fb-09302018x10q.htm
107,FB,Facebook Inc,1326801,0001326801-18-000057,10-Q,,https://www.sec.gov/Archives/edgar/data/1326801/000132680118000057/fb-06302018x10q.htm
108,FB,Facebook Inc,1326801,0001326801-18-000032,10-Q,,https://www.sec.gov/Archives/edgar/data/1326801/000132680118000032/fb-03312018x10q.htm
109,FB,Facebook Inc,1326801,0001326801-17-000053,10-Q,,https://www.sec.gov/Archives/edgar/data/1326801/000132680117000053/fb-09302017x10q.htm
110,FB,Facebook Inc,1326801,0001326801-17-000038,10-Q,,https://www.sec.gov/Archives/edgar/data/1326801/000132680117000038/fb-06302017x10q.htm
111,FB,Facebook Inc,1326801,0001326801-17-000024,10-Q,,https://www.sec.gov/Archives/edgar/data/1326801/000132680117000024/fb-03312017x10q.htm
112,FB,Facebook Inc,1326801,0001326801-16-000087,10-Q,,https://www.sec.gov/Archives/edgar/data/1326801/000132680116000087/fb-9302016x10q.htm
113,FB,Facebook Inc,1326801,0001326801-16-000082,10-Q,,https://www.sec.gov/Archives/edgar/data/1326801/000132680116000082/fb-6302016x10q.htm
114,FB,Facebook Inc,1326801,0001326801-16-000067,10-Q,,https://www.sec.gov/Archives/edgar/data/1326801/000132680116000067/fb-3312016x10q.htm
115,FB,Facebook Inc,1326801,0001326801-15-000032,10-Q,,https://www.sec.gov/Archives/edgar/data/1326801/000132680115000032/fb-9302015x10q.htm
116,FB,Facebook Inc,1326801,0001326801-15-000028,10-Q,,https://www.sec.gov/Archives/edgar/data/1326801/000132680115000028/fb-6302015x10q.htm
117,FB,Facebook Inc,1326801,0001326801-15-000015,10-Q,,https://www.sec.gov/Archives/edgar/data/1326801/000132680115000015/fb-3312015x10q.htm
118,FB,Facebook Inc,1326801,0001326801-14-000068,10-Q,2014-09-30,https://www.sec.gov/Archives/edgar/data/1326801/000132680114000068/fb-9302014x10q.htm
119,FB,Facebook Inc,1326801,0001326801-14-000032,10-Q,2014-06-30,https://www.sec.gov/Archives/edgar/data/1326801/000132680114000032/fb-6302014x10q.htm
120,FB,Facebook Inc,1326801,0001326801-14-000023,10-Q,2014-03-31,https://www.sec.gov/Archives/edgar/data/1326801/000132680114000023/fb-3312014x10q.htm
121,FB,Facebook Inc,1326801,0001326801-13-000031,10-Q,2013-09-30,https://www.sec.gov/Archives/edgar/data/1326801/000132680113000031/fb-9302013x10q.htm
122,FB,Facebook Inc,1326801,0001326801-13-000019,10-Q,2013-06-30,https://www.sec.gov/Archives/edgar/data/1326801/000132680113000019/fb-6302013x10q.htm
123,FB,Facebook Inc,1326801,0001326801-13-000011,10-Q,2013-03-31,https://www.sec.gov/Archives/edgar/data/1326801/000132680113000011/fb-3312013x10q.htm
124,FB,Facebook Inc,1326801,0001326801-12-000006,10-Q,,https://www.sec.gov/Archives/edgar/data/1326801/000132680112000006/fb-9302012x10q.htm
125,FB,Facebook Inc,1326801,0001193125-12-325997,10-Q,,https://www.sec.gov/Archives/edgar/data/1326801/000119312512325997/d371464d10q.htm
126,JPM,JPMORGAN CHASE & CO,19617,0000019617-22-000319,10-Q,2022-03-31,https://www.sec.gov/Archives/edgar/data/19617/000001961722000319/jpm-20220331.htm
127,JPM,JPMORGAN CHASE & CO,19617,0000019617-21-000458,10-Q,2021-09-30,https://www.sec.gov/Archives/edgar/data/19617/000001961721000458/jpm-20210930.htm
128,JPM,JPMORGAN CHASE & CO,19617,0000019617-21-000373,10-Q,2021-06-30,https://www.sec.gov/Archives/edgar/data/19617/000001961721000373/jpm-20210630.htm
129,JPM,JPMORGAN CHASE & CO,19617,0000019617-21-000292,10-Q,2021-03-31,https://www.sec.gov/Archives/edgar/data/19617/000001961721000292/jpm-20210331.htm
130,JPM,JPMORGAN CHASE & CO,19617,0000019617-20-000438,10-Q,2020-09-30,https://www.sec.gov/Archives/edgar/data/19617/000001961720000438/jpm-20200930.htm
131,JPM,JPMORGAN CHASE & CO,19617,0000019617-20-000372,10-Q,2020-06-30,https://www.sec.gov/ix?doc=/Archives/edgar/data/19617/000001961720000372/corpq22020.htm
132,JPM,JPMORGAN CHASE & CO,19617,0000019617-20-000299,10-Q,2020-03-31,https://www.sec.gov/ix?doc=/Archives/edgar/data/19617/000001961720000299/corpq12020.htm
133,JPM,JPMORGAN CHASE & CO,19617,0000019617-19-000232,10-Q,2019-09-30,https://www.sec.gov/ix?doc=/Archives/edgar/data/19617/000001961719000232/corpq32019.htm
134,JPM,JPMORGAN CHASE & CO,19617,0000019617-19-000127,10-Q,2019-06-30,https://www.sec.gov/ix?doc=/Archives/edgar/data/19617/000001961719000127/corpq22019.htm
135,JPM,JPMORGAN CHASE & CO,19617,0000019617-19-000067,10-Q,2019-03-31,https://www.sec.gov/ix?doc=/Archives/edgar/data/19617/000001961719000067/corpq12019.htm
136,JPM,JPMORGAN CHASE & CO,19617,0000019617-18-000206,10-Q,,https://www.sec.gov/ix?doc=/Archives/edgar/data/19617/000001961718000206/corpq32018.htm
137,JPM,JPMORGAN CHASE & CO,19617,0000019617-18-000151,10-Q,,https://www.sec.gov/Archives/edgar/data/19617/000001961718000151/corpq22018.htm
138,JPM,JPMORGAN CHASE & CO,19617,0000019617-18-000092,10-Q,,https://www.sec.gov/Archives/edgar/data/19617/000001961718000092/corpq12018.htm
139,JPM,JPMORGAN CHASE & CO,19617,0000019617-17-000552,10-Q,,https://www.sec.gov/Archives/edgar/data/19617/000001961717000552/corpq32017.htm
140,JPM,JPMORGAN CHASE & CO,19617,0000019617-17-000486,10-Q,,https://www.sec.gov/Archives/edgar/data/19617/000001961717000486/corpq22017.htm
141,JPM,JPMORGAN CHASE & CO,19617,0000019617-17-000364,10-Q,,https://www.sec.gov/Archives/edgar/data/19617/000001961717000364/corpq12017.htm
142,JPM,JPMORGAN CHASE & CO,19617,0000019617-16-001150,10-Q,,https://www.sec.gov/Archives/edgar/data/19617/000001961716001150/corpq32016.htm
143,JPM,JPMORGAN CHASE & CO,19617,0000019617-16-001056,10-Q,,https://www.sec.gov/Archives/edgar/data/19617/000001961716001056/corpq22016.htm
144,JPM,JPMORGAN CHASE & CO,19617,0000019617-16-000960,10-Q,,https://www.sec.gov/Archives/edgar/data/19617/000001961716000960/corpq12016.htm
145,JPM,JPMORGAN CHASE & CO,19617,0000019617-15-000464,10-Q,,https://www.sec.gov/Archives/edgar/data/19617/000001961715000464/corpq32015.htm
146,JPM,JPMORGAN CHASE & CO,19617,0000019617-15-000367,10-Q,,https://www.sec.gov/Archives/edgar/data/19617/000001961715000367/corpq22015.htm
147,JPM,JPMORGAN CHASE & CO,19617,0000019617-15-000318,10-Q,,https://www.sec.gov/Archives/edgar/data/19617/000001961715000318/corpq12015.htm
148,JPM,JPMORGAN CHASE & CO,19617,0000019617-14-000451,10-Q,2014-09-30,https://www.sec.gov/Archives/edgar/data/19617/000001961714000451/corpq32014.htm
149,JPM,JPMORGAN CHASE & CO,19617,0000019617-14-000409,10-Q,2014-06-30,https://www.sec.gov/Archives/edgar/data/19617/000001961714000409/corpq22014.htm
150,JPM,JPMORGAN CHASE & CO,19617,0000019617-14-000339,10-Q,2014-03-31,https://www.sec.gov/Archives/edgar/data/19617/000001961714000339/corpq12014.htm
151,JPM,JPMORGAN CHASE & CO,19617,0000019617-13-000400,10-Q,2013-09-30,https://www.sec.gov/Archives/edgar/data/19617/000001961713000400/corpq32013.htm
152,JPM,JPMORGAN CHASE & CO,19617,0000019617-13-000354,10-Q,2013-06-30,https://www.sec.gov/Archives/edgar/data/19617/000001961713000354/corpq22013.htm
153,JPM,JPMORGAN CHASE & CO,19617,0000019617-13-000300,10-Q,2013-03-31,https://www.sec.gov/Archives/edgar/data/19617/000001961713000300/corpq12013.htm
154,JPM,JPMORGAN CHASE & CO,19617,0000019617-12-000308,10-Q,,https://www.sec.gov/Archives/edgar/data/19617/000001961712000308/corpq32012.htm
155,JPM,JPMORGAN CHASE & CO,19617,0000019617-12-000264,10-Q,,https://www.sec.gov/Archives/edgar/data/19617/000001961712000264/jpm-2012063010q.htm
156,JPM,JPMORGAN CHASE & CO,19617,0000019617-12-000262,10-Q/A,,https://www.sec.gov/Archives/edgar/data/19617/000001961712000262/jpm-2012033110qamended.htm
157,MCHP,MICROCHIP TECHNOLOGY INC,827054,0000827054-22-000025,10-Q,2021-12-31,https://www.sec.gov/Archives/edgar/data/827054/000082705422000025/mchp-20211231.htm
158,MCHP,MICROCHIP TECHNOLOGY INC,827054,0000827054-21-000280,10-Q,2021-09-30,https://www.sec.gov/Archives/edgar/data/827054/000082705421000280/mchp-20210930.htm
159,MCHP,MICROCHIP TECHNOLOGY INC,827054,0000827054-21-000187,10-Q,2021-06-30,https://www.sec.gov/Archives/edgar/data/827054/000082705421000187/mchp-20210630.htm
160,MCHP,MICROCHIP TECHNOLOGY INC,827054,0000827054-21-000025,10-Q,2020-12-31,https://www.sec.gov/Archives/edgar/data/827054/000082705421000025/mchp-20201231.htm
161,MCHP,MICROCHIP TECHNOLOGY INC,827054,0000827054-20-000278,10-Q,2020-09-30,https://www.sec.gov/Archives/edgar/data/827054/000082705420000278/mchp-20200930.htm
162,MCHP,MICROCHIP TECHNOLOGY INC,827054,0000827054-20-000186,10-Q,2020-06-30,https://www.sec.gov/ix?doc=/Archives/edgar/data/827054/000082705420000186/a2020-06x3010q.htm
163,MCHP,MICROCHIP TECHNOLOGY INC,827054,0000827054-20-000029,10-Q,2019-12-31,https://www.sec.gov/ix?doc=/Archives/edgar/data/827054/000082705420000029/a2019-12x3110q.htm
164,MCHP,MICROCHIP TECHNOLOGY INC,827054,0000827054-19-000288,10-Q,2019-09-30,https://www.sec.gov/ix?doc=/Archives/edgar/data/827054/000082705419000288/a2019-09x3010k10q.htm
165,MCHP,MICROCHIP TECHNOLOGY INC,827054,0000827054-19-000197,10-Q,2019-06-30,https://www.sec.gov/ix?doc=/Archives/edgar/data/827054/000082705419000197/a2019-06x3010k10q.htm
166,MCHP,MICROCHIP TECHNOLOGY INC,827054,0000827054-19-000018,10-Q,2018-12-31,https://www.sec.gov/Archives/edgar/data/827054/000082705419000018/a1231201810qq3fy19.htm
167,MCHP,MICROCHIP TECHNOLOGY INC,827054,0000827054-18-000249,10-Q,,https://www.sec.gov/Archives/edgar/data/827054/000082705418000249/a930201810qq2fy19.htm
168,MCHP,MICROCHIP TECHNOLOGY INC,827054,0000827054-18-000143,10-Q,,https://www.sec.gov/Archives/edgar/data/827054/000082705418000143/a630201810qq1fy19.htm
169,MCHP,MICROCHIP TECHNOLOGY INC,827054,0000827054-18-000021,10-Q,,https://www.sec.gov/Archives/edgar/data/827054/000082705418000021/a1231201710q.htm
170,MCHP,MICROCHIP TECHNOLOGY INC,827054,0000827054-17-000203,10-Q,,https://www.sec.gov/Archives/edgar/data/827054/000082705417000203/a0930201710q.htm
171,MCHP,MICROCHIP TECHNOLOGY INC,827054,0000827054-17-000132,10-Q,,https://www.sec.gov/Archives/edgar/data/827054/000082705417000132/a0630201710q.htm
172,MCHP,MICROCHIP TECHNOLOGY INC,827054,0000827054-17-000018,10-Q,,https://www.sec.gov/Archives/edgar/data/827054/000082705417000018/a1231201610q.htm
173,MCHP,MICROCHIP TECHNOLOGY INC,827054,0000827054-16-000472,10-Q,,https://www.sec.gov/Archives/edgar/data/827054/000082705416000472/a930201610q.htm
174,MCHP,MICROCHIP TECHNOLOGY INC,827054,0000827054-16-000385,10-Q,,https://www.sec.gov/Archives/edgar/data/827054/000082705416000385/a630201610q.htm
175,MCHP,MICROCHIP TECHNOLOGY INC,827054,0000827054-16-000265,10-Q,,https://www.sec.gov/Archives/edgar/data/827054/000082705416000265/a1231201510q.htm
176,MCHP,MICROCHIP TECHNOLOGY INC,827054,0000827054-15-000218,10-Q,,https://www.sec.gov/Archives/edgar/data/827054/000082705415000218/a0930201510q.htm
177,MCHP,MICROCHIP TECHNOLOGY INC,827054,0000827054-15-000134,10-Q,,https://www.sec.gov/Archives/edgar/data/827054/000082705415000134/a2015063010q.htm
178,MCHP,MICROCHIP TECHNOLOGY INC,827054,0000827054-15-000017,10-Q,,https://www.sec.gov/Archives/edgar/data/827054/000082705415000017/a2014123110q.htm
179,MCHP,MICROCHIP TECHNOLOGY INC,827054,0000827054-14-000250,10-Q,2014-09-30,https://www.sec.gov/Archives/edgar/data/827054/000082705414000250/a2014093010q.htm
180,MCHP,MICROCHIP TECHNOLOGY INC,827054,0000827054-14-000176,10-Q,2014-06-30,https://www.sec.gov/Archives/edgar/data/827054/000082705414000176/a2014063010q.htm
181,MCHP,MICROCHIP TECHNOLOGY INC,827054,0000827054-14-000023,10-Q,2013-12-31,https://www.sec.gov/Archives/edgar/data/827054/000082705414000023/a2013123110q.htm
182,MCHP,MICROCHIP TECHNOLOGY INC,827054,0000827054-13-000321,10-Q,2013-09-30,https://www.sec.gov/Archives/edgar/data/827054/000082705413000321/a2013093010q.htm
183,MCHP,MICROCHIP TECHNOLOGY INC,827054,0000827054-13-000216,10-Q,2013-06-30,https://www.sec.gov/Archives/edgar/data/827054/000082705413000216/a2013063010q.htm
184,MCHP,MICROCHIP TECHNOLOGY INC,827054,0000827054-13-000050,10-Q,2012-12-31,https://www.sec.gov/Archives/edgar/data/827054/000082705413000050/a2012123110q.htm
185,MCHP,MICROCHIP TECHNOLOGY INC,827054,0000827054-12-000342,10-Q,,https://www.sec.gov/Archives/edgar/data/827054/000082705412000342/a2012093010q.htm
186,MCHP,MICROCHIP TECHNOLOGY INC,827054,0000827054-12-000230,10-Q,,https://www.sec.gov/Archives/edgar/data/827054/000082705412000230/a2012063010q.htm
187,MELI,MERCADOLIBRE INC,1099590,0001562762-22-000223,10-Q,2022-03-31,https://www.sec.gov/Archives/edgar/data/1099590/000156276222000223/meli-20220331x10q.htm
188,MELI,MERCADOLIBRE INC,1099590,0001562762-21-000420,10-Q,2021-09-30,https://www.sec.gov/Archives/edgar/data/1099590/000156276221000420/meli-20210930x10q.htm
189,MELI,MERCADOLIBRE INC,1099590,0001562762-21-000313,10-Q,2021-06-30,https://www.sec.gov/Archives/edgar/data/1099590/000156276221000313/meli-20210630x10q.htm
190,MELI,MERCADOLIBRE INC,1099590,0001562762-21-000200,10-Q,2021-03-31,https://www.sec.gov/Archives/edgar/data/1099590/000156276221000200/meli-20210331x10q.htm
191,MELI,MERCADOLIBRE INC,1099590,0001562762-20-000390,10-Q,2020-09-30,https://www.sec.gov/Archives/edgar/data/1099590/000156276220000390/meli-20200930x10q.htm
192,MELI,MERCADOLIBRE INC,1099590,0001562762-20-000324,10-Q,2020-06-30,https://www.sec.gov/ix?doc=/Archives/edgar/data/1099590/000156276220000324/meli-20200630x10q.htm
193,MELI,MERCADOLIBRE INC,1099590,0001562762-20-000170,10-Q,2020-03-31,https://www.sec.gov/ix?doc=/Archives/edgar/data/1099590/000156276220000170/meli-20200331x10q.htm
194,MELI,MERCADOLIBRE INC,1099590,0001562762-19-000273,10-Q,2019-09-30,https://www.sec.gov/ix?doc=/Archives/edgar/data/1099590/000156276219000273/meli-20190930x10q.htm
195,MELI,MERCADOLIBRE INC,1099590,0001562762-19-000186,10-Q,2019-06-30,https://www.sec.gov/ix?doc=/Archives/edgar/data/1099590/000156276219000186/meli-20190630x10q.htm
196,MELI,MERCADOLIBRE INC,1099590,0001562762-19-000123,10-Q,2019-03-31,https://www.sec.gov/Archives/edgar/data/1099590/000156276219000123/meli-20190331x10q.htm
197,MELI,MERCADOLIBRE INC,1099590,0001562762-18-000323,10-Q,,https://www.sec.gov/Archives/edgar/data/1099590/000156276218000323/meli-20180930x10q.htm
198,MELI,MERCADOLIBRE INC,1099590,0001562762-18-000229,10-Q,,https://www.sec.gov/Archives/edgar/data/1099590/000156276218000229/meli-20180630x10q.htm
199,MELI,MERCADOLIBRE INC,1099590,0000903423-18-000273,10-Q/A,,https://www.sec.gov/Archives/edgar/data/1099590/000090342318000273/mercado10qa.htm
200,MELI,MERCADOLIBRE INC,1099590,0001562762-18-000158,10-Q,,https://www.sec.gov/Archives/edgar/data/1099590/000156276218000158/meli-20180331x10q.htm
201,MELI,MERCADOLIBRE INC,1099590,0001562762-17-000173,10-Q,,https://www.sec.gov/Archives/edgar/data/1099590/000156276217000173/meli-20170930x10q.htm
202,MELI,MERCADOLIBRE INC,1099590,0001562762-17-000120,10-Q,,https://www.sec.gov/Archives/edgar/data/1099590/000156276217000120/meli-20170630x10q.htm
203,MELI,MERCADOLIBRE INC,1099590,0001562762-17-000054,10-Q,,https://www.sec.gov/Archives/edgar/data/1099590/000156276217000054/meli-20170331x10q.htm
204,MELI,MERCADOLIBRE INC,1099590,0001562762-16-000445,10-Q,,https://www.sec.gov/Archives/edgar/data/1099590/000156276216000445/meli-20160930x10q.htm
205,MELI,MERCADOLIBRE INC,1099590,0001562762-16-000414,10-Q,,https://www.sec.gov/Archives/edgar/data/1099590/000156276216000414/meli-20160630x10q.htm
206,MELI,MERCADOLIBRE INC,1099590,0001562762-16-000383,10-Q,,https://www.sec.gov/Archives/edgar/data/1099590/000156276216000383/meli-20160331x10q.htm
207,MELI,MERCADOLIBRE INC,1099590,0001562762-15-000287,10-Q,,https://www.sec.gov/Archives/edgar/data/1099590/000156276215000287/meli-20150930x10q.htm
208,MELI,MERCADOLIBRE INC,1099590,0001562762-15-000219,10-Q,,https://www.sec.gov/Archives/edgar/data/1099590/000156276215000219/meli-20150630x10q.htm
209,MELI,MERCADOLIBRE INC,1099590,0001562762-15-000125,10-Q,,https://www.sec.gov/Archives/edgar/data/1099590/000156276215000125/meli-20150331x10q.htm
210,MELI,MERCADOLIBRE INC,1099590,0001193125-14-394339,10-Q,2014-09-30,https://www.sec.gov/Archives/edgar/data/1099590/000119312514394339/d810153d10q.htm
211,MELI,MERCADOLIBRE INC,1099590,0001193125-14-303451,10-Q,2014-06-30,https://www.sec.gov/Archives/edgar/data/1099590/000119312514303451/d753656d10q.htm
212,MELI,MERCADOLIBRE INC,1099590,0001193125-14-192809,10-Q,2014-03-31,https://www.sec.gov/Archives/edgar/data/1099590/000119312514192809/d709187d10q.htm
213,MELI,MERCADOLIBRE INC,1099590,0001193125-13-433300,10-Q,2013-09-30,https://www.sec.gov/Archives/edgar/data/1099590/000119312513433300/d604164d10q.htm
214,MELI,MERCADOLIBRE INC,1099590,0001193125-13-322069,10-Q,2013-06-30,https://www.sec.gov/Archives/edgar/data/1099590/000119312513322069/d552461d10q.htm
215,MELI,MERCADOLIBRE INC,1099590,0001193125-13-204750,10-Q,2013-03-31,https://www.sec.gov/Archives/edgar/data/1099590/000119312513204750/d509876d10q.htm
216,MELI,MERCADOLIBRE INC,1099590,0001193125-12-452129,10-Q,,https://www.sec.gov/Archives/edgar/data/1099590/000119312512452129/d427480d10q.htm
217,MELI,MERCADOLIBRE INC,1099590,0001193125-12-334988,10-Q,,https://www.sec.gov/Archives/edgar/data/1099590/000119312512334988/d360509d10q.htm
218,MRO,MARATHON OIL CORP,101778,0000101778-22-000118,10-Q,2022-03-31,https://www.sec.gov/Archives/edgar/data/101778/000010177822000118/mro-20220331.htm
219,MRO,MARATHON OIL CORP,101778,0000101778-21-000109,10-Q,2021-09-30,https://www.sec.gov/Archives/edgar/data/101778/000010177821000109/mro-20210930.htm
220,MRO,MARATHON OIL CORP,101778,0000101778-21-000099,10-Q,2021-06-30,https://www.sec.gov/Archives/edgar/data/101778/000010177821000099/mro-20210630.htm
221,MRO,MARATHON OIL CORP,101778,0000101778-21-000083,10-Q,2021-03-31,https://www.sec.gov/Archives/edgar/data/101778/000010177821000083/mro-20210331.htm
222,MRO,MARATHON OIL CORP,101778,0000101778-20-000111,10-Q,2020-09-30,https://www.sec.gov/Archives/edgar/data/101778/000010177820000111/mro-20200930.htm
223,MRO,MARATHON OIL CORP,101778,0000101778-20-000103,10-Q,2020-06-30,https://www.sec.gov/ix?doc=/Archives/edgar/data/101778/000010177820000103/mro-20200630.htm
224,MRO,MARATHON OIL CORP,101778,0000101778-20-000081,10-Q,2020-03-31,https://www.sec.gov/ix?doc=/Archives/edgar/data/101778/000010177820000081/mro-2020331x10q.htm
225,MRO,MARATHON OIL CORP,101778,0000101778-19-000113,10-Q,2019-09-30,https://www.sec.gov/ix?doc=/Archives/edgar/data/101778/000010177819000113/mro-20190930x10q.htm
226,MRO,MARATHON OIL CORP,101778,0000101778-19-000093,10-Q,2019-06-30,https://www.sec.gov/ix?doc=/Archives/edgar/data/101778/000010177819000093/mro-20190630x10q.htm
227,MRO,MARATHON OIL CORP,101778,0000101778-19-000070,10-Q,2019-03-31,https://www.sec.gov/ix?doc=/Archives/edgar/data/101778/000010177819000070/mro-20190331x10q.htm
228,MRO,MARATHON OIL CORP,101778,0000101778-18-000118,10-Q,,https://www.sec.gov/Archives/edgar/data/101778/000010177818000118/mro-20180930x10q.htm
229,MRO,MARATHON OIL CORP,101778,0000101778-18-000107,10-Q,,https://www.sec.gov/Archives/edgar/data/101778/000010177818000107/mro-20180630x10q.htm
230,MRO,MARATHON OIL CORP,101778,0000101778-18-000091,10-Q,,https://www.sec.gov/Archives/edgar/data/101778/000010177818000091/mro-20180331x10q.htm
231,MRO,MARATHON OIL CORP,101778,0000101778-17-000121,10-Q,,https://www.sec.gov/Archives/edgar/data/101778/000010177817000121/mro-20170930x10q.htm
232,MRO,MARATHON OIL CORP,101778,0000101778-17-000108,10-Q,,https://www.sec.gov/Archives/edgar/data/101778/000010177817000108/mro-20170630x10q.htm
233,MRO,MARATHON OIL CORP,101778,0000101778-17-000078,10-Q,,https://www.sec.gov/Archives/edgar/data/101778/000010177817000078/mro-20170331x10q.htm
234,MRO,MARATHON OIL CORP,101778,0000101778-16-000103,10-Q,,https://www.sec.gov/Archives/edgar/data/101778/000010177816000103/mro-20160930x10q.htm
235,MRO,MARATHON OIL CORP,101778,0000101778-16-000079,10-Q,,https://www.sec.gov/Archives/edgar/data/101778/000010177816000079/mro-20160630x10q.htm
236,MRO,MARATHON OIL CORP,101778,0000101778-16-000067,10-Q,,https://www.sec.gov/Archives/edgar/data/101778/000010177816000067/mro-20160331x10q.htm
237,MRO,MARATHON OIL CORP,101778,0000101778-15-000038,10-Q,,https://www.sec.gov/Archives/edgar/data/101778/000010177815000038/mro-20150930x10q.htm
238,MRO,MARATHON OIL CORP,101778,0000101778-15-000026,10-Q,,https://www.sec.gov/Archives/edgar/data/101778/000010177815000026/mro-20150630x10q.htm
239,MRO,MARATHON OIL CORP,101778,0000101778-15-000016,10-Q,,https://www.sec.gov/Archives/edgar/data/101778/000010177815000016/mro-20150331x10q.htm
240,MRO,MARATHON OIL CORP,101778,0000101778-14-000078,10-Q,2014-09-30,https://www.sec.gov/Archives/edgar/data/101778/000010177814000078/mro-2014930x10q.htm
241,MRO,MARATHON OIL CORP,101778,0000101778-14-000060,10-Q/A,2014-06-30,https://www.sec.gov/Archives/edgar/data/101778/000010177814000060/mro-2014630x10qa.htm
242,MRO,MARATHON OIL CORP,101778,0000101778-14-000054,10-Q,2014-06-30,https://www.sec.gov/Archives/edgar/data/101778/000010177814000054/mro-2014630x10q.htm
243,MRO,MARATHON OIL CORP,101778,0000101778-14-000026,10-Q,2014-03-31,https://www.sec.gov/Archives/edgar/data/101778/000010177814000026/mro-2014331x10q.htm
244,MRO,MARATHON OIL CORP,101778,0000101778-13-000049,10-Q,2013-09-30,https://www.sec.gov/Archives/edgar/data/101778/000010177813000049/mro-2013930x10q.htm
245,MRO,MARATHON OIL CORP,101778,0000101778-13-000034,10-Q,2013-06-30,https://www.sec.gov/Archives/edgar/data/101778/000010177813000034/mro-2013630x10q.htm
246,MRO,MARATHON OIL CORP,101778,0000101778-13-000019,10-Q,2013-03-31,https://www.sec.gov/Archives/edgar/data/101778/000010177813000019/mro-2013331x10q.htm
247,MRO,MARATHON OIL CORP,101778,0000101778-12-000029,10-Q,,https://www.sec.gov/Archives/edgar/data/101778/000010177812000029/mro-2012930x10q.htm
248,MRO,MARATHON OIL CORP,101778,0001140361-12-035104,10-Q,,https://www.sec.gov/Archives/edgar/data/101778/000114036112035104/form10q2012q1.htm
249,MTRX,MATRIX SERVICE CO,866273,0000866273-22-000021,10-Q,2022-03-31,https://www.sec.gov/Archives/edgar/data/866273/000086627322000021/mtrx-20220331.htm
250,MTRX,MATRIX SERVICE CO,866273,0000866273-22-000008,10-Q,2021-12-31,https://www.sec.gov/Archives/edgar/data/866273/000086627322000008/mtrx-20211231.htm
251,MTRX,MATRIX SERVICE CO,866273,0000866273-21-000116,10-Q,2021-09-30,https://www.sec.gov/Archives/edgar/data/866273/000086627321000116/mtrx-20210930.htm
252,MTRX,MATRIX SERVICE CO,866273,0000866273-21-000022,10-Q,2021-03-31,https://www.sec.gov/Archives/edgar/data/866273/000086627321000022/mtrx-20210331.htm
253,MTRX,MATRIX SERVICE CO,866273,0000866273-21-000008,10-Q,2020-12-31,https://www.sec.gov/Archives/edgar/data/866273/000086627321000008/mtrx-20201231.htm
254,MTRX,MATRIX SERVICE CO,866273,0000866273-20-000135,10-Q,2020-09-30,https://www.sec.gov/Archives/edgar/data/866273/000086627320000135/mtrx-20200930.htm
255,MTRX,MATRIX SERVICE CO,866273,0000866273-20-000019,10-Q,2020-03-31,https://www.sec.gov/ix?doc=/Archives/edgar/data/866273/000086627320000019/mtrx-2020x03x31x10q.htm
256,MTRX,MATRIX SERVICE CO,866273,0000866273-20-000005,10-Q,2019-12-31,https://www.sec.gov/ix?doc=/Archives/edgar/data/866273/000086627320000005/mtrx-2019x12x31x10q.htm
257,MTRX,MATRIX SERVICE CO,866273,0000866273-19-000117,10-Q,2019-09-30,https://www.sec.gov/ix?doc=/Archives/edgar/data/866273/000086627319000117/mtrx-2019x9x30x10q.htm
258,MTRX,MATRIX SERVICE CO,866273,0000866273-19-000024,10-Q,2019-03-31,https://www.sec.gov/Archives/edgar/data/866273/000086627319000024/mtrx-2019x3x31x10q.htm
259,MTRX,MATRIX SERVICE CO,866273,0000866273-19-000009,10-Q,2018-12-31,https://www.sec.gov/Archives/edgar/data/866273/000086627319000009/mtrx-2018x12x31x10q.htm
260,MTRX,MATRIX SERVICE CO,866273,0000866273-18-000128,10-Q,,https://www.sec.gov/Archives/edgar/data/866273/000086627318000128/mtrx-2018x9x30x10q.htm
261,MTRX,MATRIX SERVICE CO,866273,0000866273-18-000025,10-Q,,https://www.sec.gov/Archives/edgar/data/866273/000086627318000025/mtrx-2018x3x31x10q.htm
262,MTRX,MATRIX SERVICE CO,866273,0000866273-18-000008,10-Q,,https://www.sec.gov/Archives/edgar/data/866273/000086627318000008/mtrx-2017x12x31x10q.htm
263,MTRX,MATRIX SERVICE CO,866273,0000866273-17-000122,10-Q,,https://www.sec.gov/Archives/edgar/data/866273/000086627317000122/mtrx-2017x9x30x10q.htm
264,MTRX,MATRIX SERVICE CO,866273,0000866273-17-000018,10-Q,,https://www.sec.gov/Archives/edgar/data/866273/000086627317000018/mtrx-2017x3x31x10q.htm
265,MTRX,MATRIX SERVICE CO,866273,0000866273-17-000006,10-Q,,https://www.sec.gov/Archives/edgar/data/866273/000086627317000006/mtrx-2016x12x31x10q.htm
266,MTRX,MATRIX SERVICE CO,866273,0000866273-16-000241,10-Q,,https://www.sec.gov/Archives/edgar/data/866273/000086627316000241/mtrx-2016x9x30x10q.htm
267,MTRX,MATRIX SERVICE CO,866273,0000866273-16-000163,10-Q,,https://www.sec.gov/Archives/edgar/data/866273/000086627316000163/mtrx-2016x3x31x10q.htm
268,MTRX,MATRIX SERVICE CO,866273,0000866273-16-000141,10-Q,,https://www.sec.gov/Archives/edgar/data/866273/000086627316000141/mtrx-2015x12x31x10q.htm
269,MTRX,MATRIX SERVICE CO,866273,0000866273-15-000094,10-Q,,https://www.sec.gov/Archives/edgar/data/866273/000086627315000094/mtrx-2015x09x30x10q.htm
270,MTRX,MATRIX SERVICE CO,866273,0000866273-15-000030,10-Q,,https://www.sec.gov/Archives/edgar/data/866273/000086627315000030/mtrx-2015x03x31x10q.htm
271,MTRX,MATRIX SERVICE CO,866273,0000866273-15-000008,10-Q,,https://www.sec.gov/Archives/edgar/data/866273/000086627315000008/mtrx-2014x12x31x10q.htm
272,MTRX,MATRIX SERVICE CO,866273,0000866273-14-000106,10-Q,2014-09-30,https://www.sec.gov/Archives/edgar/data/866273/000086627314000106/mtrx-2014x09x30x10q.htm
273,MTRX,MATRIX SERVICE CO,866273,0000866273-14-000055,10-Q,2014-03-31,https://www.sec.gov/Archives/edgar/data/866273/000086627314000055/mtrx-2014x03x31x10q.htm
274,MTRX,MATRIX SERVICE CO,866273,0000866273-14-000006,10-Q,2013-12-31,https://www.sec.gov/Archives/edgar/data/866273/000086627314000006/mtrx-2013x12x31x10q.htm
275,MTRX,MATRIX SERVICE CO,866273,0000866273-13-000091,10-Q,2013-09-30,https://www.sec.gov/Archives/edgar/data/866273/000086627313000091/mtrx-2013x09x30x10q.htm
276,MTRX,MATRIX SERVICE CO,866273,0000866273-13-000012,10-Q,2013-03-31,https://www.sec.gov/Archives/edgar/data/866273/000086627313000012/mtrx-2013x03x31x10q.htm
277,MTRX,MATRIX SERVICE CO,866273,0001445305-13-000176,10-Q,2012-12-31,https://www.sec.gov/Archives/edgar/data/866273/000144530513000176/mtrx-2012x12x31x10q.htm
278,MTRX,MATRIX SERVICE CO,866273,0001193125-12-462895,10-Q,,https://www.sec.gov/Archives/edgar/data/866273/000119312512462895/d411459d10q.htm
279,NFLX,NETFLIX INC,1065280,0001065280-22-000145,10-Q,2022-03-31,https://www.sec.gov/Archives/edgar/data/1065280/000106528022000145/nflx-20220331.htm
280,NFLX,NETFLIX INC,1065280,0001065280-21-000363,10-Q,2021-09-30,https://www.sec.gov/Archives/edgar/data/1065280/000106528021000363/nflx-20210930.htm
281,NFLX,NETFLIX INC,1065280,0001065280-21-000250,10-Q,2021-06-30,https://www.sec.gov/Archives/edgar/data/1065280/000106528021000250/nflx-20210630.htm
282,NFLX,NETFLIX INC,1065280,0001065280-21-000144,10-Q,2021-03-31,https://www.sec.gov/Archives/edgar/data/1065280/000106528021000144/nflx-20210331.htm
283,NFLX,NETFLIX INC,1065280,0001065280-20-000451,10-Q,2020-09-30,https://www.sec.gov/Archives/edgar/data/1065280/000106528020000451/form10qq320.htm
284,NFLX,NETFLIX INC,1065280,0001065280-20-000309,10-Q,2020-06-30,https://www.sec.gov/ix?doc=/Archives/edgar/data/1065280/000106528020000309/form10qq220.htm
285,NFLX,NETFLIX INC,1065280,0001065280-20-000155,10-Q,2020-03-31,https://www.sec.gov/ix?doc=/Archives/edgar/data/1065280/000106528020000155/form10qq120.htm
286,NFLX,NETFLIX INC,1065280,0001065280-19-000368,10-Q,2019-09-30,https://www.sec.gov/ix?doc=/Archives/edgar/data/1065280/000106528019000368/form10qq319.htm
287,NFLX,NETFLIX INC,1065280,0001065280-19-000260,10-Q,2019-06-30,https://www.sec.gov/ix?doc=/Archives/edgar/data/1065280/000106528019000260/form10qq219.htm
288,NFLX,NETFLIX INC,1065280,0001065280-19-000157,10-Q,2019-03-31,https://www.sec.gov/Archives/edgar/data/1065280/000106528019000157/form10q_q119.htm
289,NFLX,NETFLIX INC,1065280,0001065280-18-000538,10-Q,,https://www.sec.gov/Archives/edgar/data/1065280/000106528018000538/nflx-093018x10qxdoc.htm
290,NFLX,NETFLIX INC,1065280,0001065280-18-000360,10-Q,,https://www.sec.gov/Archives/edgar/data/1065280/000106528018000360/nflx-063018x10qxdoc.htm
291,NFLX,NETFLIX INC,1065280,0001065280-18-000205,10-Q,,https://www.sec.gov/Archives/edgar/data/1065280/000106528018000205/nflx-033118x10qxdoc.htm
292,NFLX,NETFLIX INC,1065280,0001065280-17-000180,10-Q,,https://www.sec.gov/Archives/edgar/data/1065280/000106528017000180/nflx-093017x10qxdoc.htm
293,NFLX,NETFLIX INC,1065280,0001065280-17-000046,10-Q,,https://www.sec.gov/Archives/edgar/data/1065280/000106528017000046/nflx-063017x10qxdoc.htm
294,NFLX,NETFLIX INC,1065280,0001628280-17-003939,10-Q,,https://www.sec.gov/Archives/edgar/data/1065280/000162828017003939/nflx-033117x10qxdoc.htm
295,NFLX,NETFLIX INC,1065280,0001065280-16-000081,10-Q,,https://www.sec.gov/Archives/edgar/data/1065280/000106528016000081/nflx-93016x10qxdoc.htm
296,NFLX,NETFLIX INC,1065280,0001065280-16-000072,10-Q,,https://www.sec.gov/Archives/edgar/data/1065280/000106528016000072/nflx-63016x10qxdoc.htm
297,NFLX,NETFLIX INC,1065280,0001065280-16-000057,10-Q,,https://www.sec.gov/Archives/edgar/data/1065280/000106528016000057/nflx-33116x10qxdoc.htm
298,NFLX,NETFLIX INC,1065280,0001065280-15-000038,10-Q,,https://www.sec.gov/Archives/edgar/data/1065280/000106528015000038/nflx-093015x10qxdoc.htm
299,NFLX,NETFLIX INC,1065280,0001065280-15-000031,10-Q,,https://www.sec.gov/Archives/edgar/data/1065280/000106528015000031/nflx-063015x10qxdoc.htm
300,NFLX,NETFLIX INC,1065280,0001065280-15-000017,10-Q,,https://www.sec.gov/Archives/edgar/data/1065280/000106528015000017/nflx-033115x10qxdoc.htm
301,NFLX,NETFLIX INC,1065280,0001065280-14-000028,10-Q,2014-09-30,https://www.sec.gov/Archives/edgar/data/1065280/000106528014000028/nflx-9301410qdoc.htm
302,NFLX,NETFLIX INC,1065280,0001065280-14-000021,10-Q,2014-06-30,https://www.sec.gov/Archives/edgar/data/1065280/000106528014000021/nflx-63014x10qxdoc.htm
303,NFLX,NETFLIX INC,1065280,0001065280-14-000012,10-Q,2014-03-31,https://www.sec.gov/Archives/edgar/data/1065280/000106528014000012/nflx-33114x10qxdoc.htm
304,NFLX,NETFLIX INC,1065280,0001065280-13-000036,10-Q,2013-09-30,https://www.sec.gov/Archives/edgar/data/1065280/000106528013000036/nflx-09301310qdoc.htm
305,NFLX,NETFLIX INC,1065280,0001065280-13-000030,10-Q,2013-06-30,https://www.sec.gov/Archives/edgar/data/1065280/000106528013000030/nflx-063013x10qxdoc.htm
306,NFLX,NETFLIX INC,1065280,0001065280-13-000020,10-Q,2013-03-31,https://www.sec.gov/Archives/edgar/data/1065280/000106528013000020/nflx-033113x10qxdoc.htm
307,NFLX,NETFLIX INC,1065280,0001065280-12-000023,10-Q/A,,https://www.sec.gov/Archives/edgar/data/1065280/000106528012000023/nflx-093012x10qxdoc1.htm
308,NFLX,NETFLIX INC,1065280,0001065280-12-000020,10-Q,,https://www.sec.gov/Archives/edgar/data/1065280/000106528012000020/nflx-093012x10qxdoc.htm
309,NFLX,NETFLIX INC,1065280,0001065280-12-000012,10-Q,,https://www.sec.gov/Archives/edgar/data/1065280/000106528012000012/nflx-063012x10qxdoc.htm
310,PYPL,"PayPal Holdings, Inc.",1633917,0001633917-22-000088,10-Q,2022-03-31,https://www.sec.gov/Archives/edgar/data/1633917/000163391722000088/pypl-20220331.htm
311,PYPL,"PayPal Holdings, Inc.",1633917,0001633917-21-000169,10-Q,2021-09-30,https://www.sec.gov/Archives/edgar/data/1633917/000163391721000169/pypl-20210930.htm
312,PYPL,"PayPal Holdings, Inc.",1633917,0001633917-21-000149,10-Q,2021-06-30,https://www.sec.gov/Archives/edgar/data/1633917/000163391721000149/pypl-20210630.htm
313,PYPL,"PayPal Holdings, Inc.",1633917,0001633917-21-000100,10-Q,2021-03-31,https://www.sec.gov/Archives/edgar/data/1633917/000163391721000100/pypl-20210331.htm
314,PYPL,"PayPal Holdings, Inc.",1633917,0001633917-20-000169,10-Q,2020-09-30,https://www.sec.gov/Archives/edgar/data/1633917/000163391720000169/pypl-20200930.htm
315,PYPL,"PayPal Holdings, Inc.",1633917,0001633917-20-000134,10-Q,2020-06-30,https://www.sec.gov/ix?doc=/Archives/edgar/data/1633917/000163391720000134/pypl-20200630.htm
316,PYPL,"PayPal Holdings, Inc.",1633917,0001633917-20-000093,10-Q,2020-03-31,https://www.sec.gov/ix?doc=/Archives/edgar/data/1633917/000163391720000093/pyplq1202010-q.htm
317,PYPL,"PayPal Holdings, Inc.",1633917,0001633917-19-000210,10-Q,2019-09-30,https://www.sec.gov/ix?doc=/Archives/edgar/data/1633917/000163391719000210/pypl10-qq32019.htm
318,PYPL,"PayPal Holdings, Inc.",1633917,0001633917-19-000180,10-Q,2019-06-30,https://www.sec.gov/ix?doc=/Archives/edgar/data/1633917/000163391719000180/pypl10-qq22019.htm
319,PYPL,"PayPal Holdings, Inc.",1633917,0001633917-19-000118,10-Q,2019-03-31,https://www.sec.gov/Archives/edgar/data/1633917/000163391719000118/pypl10-qq12019.htm
320,PYPL,"PayPal Holdings, Inc.",1633917,0001633917-18-000203,10-Q,,https://www.sec.gov/Archives/edgar/data/1633917/000163391718000203/pypl10-qq32018.htm
321,PYPL,"PayPal Holdings, Inc.",1633917,0001633917-18-000171,10-Q,,https://www.sec.gov/Archives/edgar/data/1633917/000163391718000171/pypl10-qq22018.htm
322,PYPL,"PayPal Holdings, Inc.",1633917,0001633917-18-000096,10-Q,,https://www.sec.gov/Archives/edgar/data/1633917/000163391718000096/pypl10-qq12018.htm
323,PYPL,"PayPal Holdings, Inc.",1633917,0001633917-17-000171,10-Q,,https://www.sec.gov/Archives/edgar/data/1633917/000163391717000171/pypl10-qq32017.htm
324,PYPL,"PayPal Holdings, Inc.",1633917,0001633917-17-000136,10-Q,,https://www.sec.gov/Archives/edgar/data/1633917/000163391717000136/pypl10-qq22017.htm
325,PYPL,"PayPal Holdings, Inc.",1633917,0001633917-17-000075,10-Q,,https://www.sec.gov/Archives/edgar/data/1633917/000163391717000075/pypl10-qq12017.htm
326,PYPL,"PayPal Holdings, Inc.",1633917,0001633917-16-000243,10-Q,,https://www.sec.gov/Archives/edgar/data/1633917/000163391716000243/pypl10-qq32016.htm
327,PYPL,"PayPal Holdings, Inc.",1633917,0001633917-16-000203,10-Q,,https://www.sec.gov/Archives/edgar/data/1633917/000163391716000203/pypl10-qq22016.htm
328,PYPL,"PayPal Holdings, Inc.",1633917,0001633917-16-000161,10-Q,,https://www.sec.gov/Archives/edgar/data/1633917/000163391716000161/pypl10-qq12016.htm
329,PYPL,"PayPal Holdings, Inc.",1633917,0001633917-15-000052,10-Q,,https://www.sec.gov/Archives/edgar/data/1633917/000163391715000052/pypl10-qq32015.htm
330,PYPL,"PayPal Holdings, Inc.",1633917,0001633917-15-000008,10-Q,,https://www.sec.gov/Archives/edgar/data/1633917/000163391715000008/pypl10-qq22015.htm
331,REGI,"Renewable Energy Group, Inc.",1463258,0001628280-22-012703,10-Q,2022-03-31,https://www.sec.gov/ix?doc=/Archives/edgar/data/1463258/000162828022012703/regi-20220331.htm
332,REGI,"Renewable Energy Group, Inc.",1463258,0001628280-21-021759,10-Q,2021-09-30,https://www.sec.gov/Archives/edgar/data/1463258/000162828021021759/regi-20210930.htm
333,REGI,"Renewable Energy Group, Inc.",1463258,0001628280-21-015931,10-Q,2021-06-30,https://www.sec.gov/Archives/edgar/data/1463258/000162828021015931/regi-20210630.htm
334,REGI,"Renewable Energy Group, Inc.",1463258,0001628280-21-008746,10-Q,2021-03-31,https://www.sec.gov/Archives/edgar/data/1463258/000162828021008746/regi-20210331.htm
335,REGI,"Renewable Energy Group, Inc.",1463258,0001628280-20-015948,10-Q,2020-09-30,https://www.sec.gov/Archives/edgar/data/1463258/000162828020015948/regi-20200930.htm
336,REGI,"Renewable Energy Group, Inc.",1463258,0001628280-20-011787,10-Q,2020-06-30,https://www.sec.gov/ix?doc=/Archives/edgar/data/1463258/000162828020011787/regi2020q210-q.htm
337,REGI,"Renewable Energy Group, Inc.",1463258,0001628280-20-006101,10-Q,2020-03-31,https://www.sec.gov/ix?doc=/Archives/edgar/data/1463258/000162828020006101/regi2020q110-q.htm
338,REGI,"Renewable Energy Group, Inc.",1463258,0001628280-19-013480,10-Q,2019-09-30,https://www.sec.gov/ix?doc=/Archives/edgar/data/1463258/000162828019013480/regi2019q310-q.htm
339,REGI,"Renewable Energy Group, Inc.",1463258,0001628280-19-010299,10-Q,2019-06-30,https://www.sec.gov/ix?doc=/Archives/edgar/data/1463258/000162828019010299/regi2019q210-q.htm
340,REGI,"Renewable Energy Group, Inc.",1463258,0001628280-19-005819,10-Q,2019-03-31,https://www.sec.gov/Archives/edgar/data/1463258/000162828019005819/regi2019q110-q.htm
341,REGI,"Renewable Energy Group, Inc.",1463258,0001628280-18-013886,10-Q,,https://www.sec.gov/ix?doc=/Archives/edgar/data/1463258/000162828018013886/regi2018q310-q.htm
342,REGI,"Renewable Energy Group, Inc.",1463258,0001628280-18-010703,10-Q,,https://www.sec.gov/Archives/edgar/data/1463258/000162828018010703/regi-2018q2x10q.htm
343,REGI,"Renewable Energy Group, Inc.",1463258,0001628280-18-005991,10-Q,,https://www.sec.gov/Archives/edgar/data/1463258/000162828018005991/regi-2018q1x10q.htm
344,REGI,"Renewable Energy Group, Inc.",1463258,0001628280-17-011191,10-Q,,https://www.sec.gov/Archives/edgar/data/1463258/000162828017011191/regi-2017q3x10q.htm
345,REGI,"Renewable Energy Group, Inc.",1463258,0001628280-17-008139,10-Q,,https://www.sec.gov/Archives/edgar/data/1463258/000162828017008139/regi-2017q2x10q.htm
346,REGI,"Renewable Energy Group, Inc.",1463258,0001628280-17-005066,10-Q,,https://www.sec.gov/Archives/edgar/data/1463258/000162828017005066/regi-2017q1x10q.htm
347,REGI,"Renewable Energy Group, Inc.",1463258,0001628280-16-020886,10-Q,,https://www.sec.gov/Archives/edgar/data/1463258/000162828016020886/regi-2016q3x10q.htm
348,REGI,"Renewable Energy Group, Inc.",1463258,0001628280-16-018637,10-Q,,https://www.sec.gov/Archives/edgar/data/1463258/000162828016018637/regi-2016q2x10q.htm
349,REGI,"Renewable Energy Group, Inc.",1463258,0001628280-16-015966,10-Q,,https://www.sec.gov/Archives/edgar/data/1463258/000162828016015966/regi-2016q1x10q.htm
350,REGI,"Renewable Energy Group, Inc.",1463258,0001628280-15-008563,10-Q,,https://www.sec.gov/Archives/edgar/data/1463258/000162828015008563/regi-2015q3x10q.htm
351,REGI,"Renewable Energy Group, Inc.",1463258,0001628280-15-006262,10-Q,,https://www.sec.gov/Archives/edgar/data/1463258/000162828015006262/regi-2015q2x10q.htm
352,REGI,"Renewable Energy Group, Inc.",1463258,0001628280-15-003904,10-Q,,https://www.sec.gov/Archives/edgar/data/1463258/000162828015003904/regi-2015q1x10q.htm
353,REGI,"Renewable Energy Group, Inc.",1463258,0001445305-14-004893,10-Q,2014-09-30,https://www.sec.gov/Archives/edgar/data/1463258/000144530514004893/regi-2014q3x10q.htm
354,REGI,"Renewable Energy Group, Inc.",1463258,0001445305-14-003551,10-Q,2014-06-30,https://www.sec.gov/Archives/edgar/data/1463258/000144530514003551/regi-2014q2x10q.htm
355,REGI,"Renewable Energy Group, Inc.",1463258,0001445305-14-002070,10-Q,2014-03-31,https://www.sec.gov/Archives/edgar/data/1463258/000144530514002070/regi-2014q1x10q.htm
356,REGI,"Renewable Energy Group, Inc.",1463258,0001564590-13-001163,10-Q,2013-09-30,https://www.sec.gov/Archives/edgar/data/1463258/000156459013001163/regi-10q_20131001.htm
357,REGI,"Renewable Energy Group, Inc.",1463258,0001564590-13-000302,10-Q,2013-06-30,https://www.sec.gov/Archives/edgar/data/1463258/000156459013000302/regi-10q_20130629.htm
358,REGI,"Renewable Energy Group, Inc.",1463258,0000950123-13-003418,10-Q,2013-03-31,https://www.sec.gov/Archives/edgar/data/1463258/000095012313003418/regi-10q_20130331.htm
359,REGI,"Renewable Energy Group, Inc.",1463258,0001193125-12-460847,10-Q,2012-09-30,https://www.sec.gov/Archives/edgar/data/1463258/000119312512460847/d398377d10q.htm
360,REGI,"Renewable Energy Group, Inc.",1463258,0001193125-12-355910,10-Q,,https://www.sec.gov/Archives/edgar/data/1463258/000119312512355910/d331023d10q.htm
361,SPWR,SUNPOWER CORP,867773,0000867773-22-000029,10-Q,2022-04-03,https://www.sec.gov/Archives/edgar/data/867773/000086777322000029/spwr-20220403.htm
362,SPWR,SUNPOWER CORP,867773,0000867773-21-000076,10-Q,2021-10-03,https://www.sec.gov/Archives/edgar/data/867773/000086777321000076/spwr-20211003.htm
363,SPWR,SUNPOWER CORP,867773,0000867773-21-000060,10-Q,2021-07-04,https://www.sec.gov/Archives/edgar/data/867773/000086777321000060/spwr-20210704.htm
364,SPWR,SUNPOWER CORP,867773,0000867773-21-000045,10-Q,2021-04-04,https://www.sec.gov/Archives/edgar/data/867773/000086777321000045/spwr-20210404.htm
365,SPWR,SUNPOWER CORP,867773,0000867773-20-000098,10-Q,2020-09-27,https://www.sec.gov/Archives/edgar/data/867773/000086777320000098/spwr-20200927.htm
366,SPWR,SUNPOWER CORP,867773,0000867773-20-000076,10-Q,2020-06-28,https://www.sec.gov/ix?doc=/Archives/edgar/data/867773/000086777320000076/spwr-20200628.htm
367,SPWR,SUNPOWER CORP,867773,0000867773-20-000041,10-Q,2020-03-29,https://www.sec.gov/ix?doc=/Archives/edgar/data/867773/000086777320000041/spwr-20200329.htm
368,SPWR,SUNPOWER CORP,867773,0000867773-19-000066,10-Q,2019-09-29,https://www.sec.gov/ix?doc=/Archives/edgar/data/867773/000086777319000066/spwr0929201910-q.htm
369,SPWR,SUNPOWER CORP,867773,0000867773-19-000047,10-Q,2019-06-30,https://www.sec.gov/ix?doc=/Archives/edgar/data/867773/000086777319000047/spwr0630201910-q.htm
370,SPWR,SUNPOWER CORP,867773,0000867773-19-000023,10-Q,2019-03-31,https://www.sec.gov/ix?doc=/Archives/edgar/data/867773/000086777319000023/spwr0331201910-q.htm
371,SPWR,SUNPOWER CORP,867773,0000867773-18-000082,10-Q,,https://www.sec.gov/Archives/edgar/data/867773/000086777318000082/spwr_09302018x10-q.htm
372,SPWR,SUNPOWER CORP,867773,0000867773-18-000067,10-Q,,https://www.sec.gov/Archives/edgar/data/867773/000086777318000067/spwr_07012018x10-q.htm
373,SPWR,SUNPOWER CORP,867773,0000867773-18-000041,10-Q,,https://www.sec.gov/Archives/edgar/data/867773/000086777318000041/spwr_04012018x10-q.htm
374,SPWR,SUNPOWER CORP,867773,0000867773-17-000066,10-Q,,https://www.sec.gov/Archives/edgar/data/867773/000086777317000066/spwr_10012017x10-q.htm
375,SPWR,SUNPOWER CORP,867773,0000867773-17-000053,10-Q,,https://www.sec.gov/Archives/edgar/data/867773/000086777317000053/spwr_07022017x10-q.htm
376,SPWR,SUNPOWER CORP,867773,0000867773-17-000040,10-Q,,https://www.sec.gov/Archives/edgar/data/867773/000086777317000040/spwr_04022017x10-q.htm
377,SPWR,SUNPOWER CORP,867773,0000867773-16-000169,10-Q,,https://www.sec.gov/Archives/edgar/data/867773/000086777316000169/spwr_10022016x10-q.htm
378,SPWR,SUNPOWER CORP,867773,0000867773-16-000145,10-Q,,https://www.sec.gov/Archives/edgar/data/867773/000086777316000145/spwr_07032016x10-q.htm
379,SPWR,SUNPOWER CORP,867773,0000867773-16-000120,10-Q,,https://www.sec.gov/Archives/edgar/data/867773/000086777316000120/spwr_04032016x10-q.htm
380,SPWR,SUNPOWER CORP,867773,0000867773-15-000075,10-Q,,https://www.sec.gov/Archives/edgar/data/867773/000086777315000075/spwr_09272015x10-q.htm
381,SPWR,SUNPOWER CORP,867773,0000867773-15-000074,10-Q/A,,https://www.sec.gov/Archives/edgar/data/867773/000086777315000074/spwr_06282015x10-qa.htm
382,SPWR,SUNPOWER CORP,867773,0000867773-15-000063,10-Q,,https://www.sec.gov/Archives/edgar/data/867773/000086777315000063/spwr_06282015x10-q.htm
383,SPWR,SUNPOWER CORP,867773,0000867773-15-000028,10-Q,,https://www.sec.gov/Archives/edgar/data/867773/000086777315000028/spwr_03292015x10-q.htm
384,SPWR,SUNPOWER CORP,867773,0000867773-14-000053,10-Q,2014-09-28,https://www.sec.gov/Archives/edgar/data/867773/000086777314000053/spwr_09282014x10-q.htm
385,SPWR,SUNPOWER CORP,867773,0000867773-14-000039,10-Q,2014-06-29,https://www.sec.gov/Archives/edgar/data/867773/000086777314000039/spwr_06292014x10-q.htm
386,SPWR,SUNPOWER CORP,867773,0000867773-14-000027,10-Q,2014-03-30,https://www.sec.gov/Archives/edgar/data/867773/000086777314000027/spwr_03302014x10-q.htm
387,SPWR,SUNPOWER CORP,867773,0000867773-13-000064,10-Q,2013-09-29,https://www.sec.gov/Archives/edgar/data/867773/000086777313000064/spwr_09292013x10-q.htm
388,SPWR,SUNPOWER CORP,867773,0000867773-13-000052,10-Q,2013-06-30,https://www.sec.gov/Archives/edgar/data/867773/000086777313000052/spwr_06302013x10-q.htm
389,SPWR,SUNPOWER CORP,867773,0000867773-13-000030,10-Q,2013-03-31,https://www.sec.gov/Archives/edgar/data/867773/000086777313000030/spwr_03312013x10-q.htm
390,SPWR,SUNPOWER CORP,867773,0000867773-12-000060,10-Q,,https://www.sec.gov/Archives/edgar/data/867773/000086777312000060/spwr_09302012x10-q.htm
391,SPWR,SUNPOWER CORP,867773,0000867773-12-000044,10-Q,,https://www.sec.gov/Archives/edgar/data/867773/000086777312000044/spwr_07012012x10-q.htm
392,UBER,"Uber Technologies, Inc",1543151,0001543151-22-000015,10-Q,2022-03-31,https://www.sec.gov/ix?doc=/Archives/edgar/data/1543151/000154315122000015/uber-20220331.htm
393,UBER,"Uber Technologies, Inc",1543151,0001543151-21-000047,10-Q,2021-09-30,https://www.sec.gov/Archives/edgar/data/1543151/000154315121000047/uber-20210930.htm
394,UBER,"Uber Technologies, Inc",1543151,0001543151-21-000038,10-Q,2021-06-30,https://www.sec.gov/Archives/edgar/data/1543151/000154315121000038/uber-20210630.htm
395,UBER,"Uber Technologies, Inc",1543151,0001543151-21-000029,10-Q,2021-03-31,https://www.sec.gov/Archives/edgar/data/1543151/000154315121000029/uber-20210331.htm
396,UBER,"Uber Technologies, Inc",1543151,0001628280-20-015936,10-Q,2020-09-30,https://www.sec.gov/Archives/edgar/data/1543151/000162828020015936/uber-20200930.htm
397,UBER,"Uber Technologies, Inc",1543151,0001543151-20-000029,10-Q,2020-06-30,https://www.sec.gov/ix?doc=/Archives/edgar/data/1543151/000154315120000029/uber-20200630.htm
398,UBER,"Uber Technologies, Inc",1543151,0001543151-20-000022,10-Q,2020-03-31,https://www.sec.gov/ix?doc=/Archives/edgar/data/1543151/000154315120000022/fy2020q1financialstate.htm
399,UBER,"Uber Technologies, Inc",1543151,0001543151-19-000017,10-Q,2019-09-30,https://www.sec.gov/ix?doc=/Archives/edgar/data/1543151/000154315119000017/fy2019q3financialstate.htm
400,UBER,"Uber Technologies, Inc",1543151,0001543151-19-000009,10-Q,2019-06-30,https://www.sec.gov/ix?doc=/Archives/edgar/data/1543151/000154315119000009/fy2019q2financialstate.htm
401,UBER,"Uber Technologies, Inc",1543151,0001628280-19-007524,10-Q,2019-03-31,https://www.sec.gov/ix?doc=/Archives/edgar/data/1543151/000162828019007524/fy2019q1financialstate.htm
402,ABNB,"Airbnb, Inc.",1559720,0001559720-22-000006,10-K,2021-12-31,https://www.sec.gov/Archives/edgar/data/1559720/000155972022000006/abnb-20211231.htm
403,ABNB,"Airbnb, Inc.",1559720,0001559720-21-000010,10-K,2020-12-31,https://www.sec.gov/Archives/edgar/data/1559720/000155972021000010/airbnb-10k.htm
404,BLK,BlackRock Inc.,1364742,0001564590-22-007117,10-K,2021-12-31,https://www.sec.gov/Archives/edgar/data/1364742/000156459022007117/blk-10k_20211231.htm
405,BLK,BlackRock Inc.,1364742,0001564590-21-008796,10-K,2020-12-31,https://www.sec.gov/Archives/edgar/data/1364742/000156459021008796/blk-10k_20201231.htm
406,BLK,BlackRock Inc.,1364742,0001564590-20-007807,10-K,2019-12-31,https://www.sec.gov/ix?doc=/Archives/edgar/data/1364742/000156459020007807/blk-10k_20191231.htm
407,BLK,BlackRock Inc.,1364742,0001564590-19-005479,10-K,,https://www.sec.gov/Archives/edgar/data/1364742/000156459019005479/blk-10k_20181231.htm
408,BLK,BlackRock Inc.,1364742,0001564590-18-003744,10-K,,https://www.sec.gov/Archives/edgar/data/1364742/000156459018003744/blk-10k_20171231.htm
409,BLK,BlackRock Inc.,1364742,0001564590-17-002816,10-K,,https://www.sec.gov/Archives/edgar/data/1364742/000156459017002816/blk-10k_20161231.htm
410,BLK,BlackRock Inc.,1364742,0001564590-16-013511,10-K,,https://www.sec.gov/Archives/edgar/data/1364742/000156459016013511/blk-10k_20151231.htm
411,BLK,BlackRock Inc.,1364742,0001193125-15-069955,10-K,,https://www.sec.gov/Archives/edgar/data/1364742/000119312515069955/d822114d10k.htm
412,BLK,BlackRock Inc.,1364742,0001193125-14-076587,10-K,2013-12-31,https://www.sec.gov/Archives/edgar/data/1364742/000119312514076587/d641151d10k.htm
413,BLK,BlackRock Inc.,1364742,0001193125-13-084957,10-K,2012-12-31,https://www.sec.gov/Archives/edgar/data/1364742/000119312513084957/d439552d10k.htm
414,DVN,DEVON ENERGY CORP/DE,1090012,0001564590-22-005321,10-K,2021-12-31,https://www.sec.gov/Archives/edgar/data/1090012/000156459022005321/dvn-10k_20211231.htm
415,DVN,DEVON ENERGY CORP/DE,1090012,0001564590-21-006239,10-K,2020-12-31,https://www.sec.gov/Archives/edgar/data/1090012/000156459021006239/dvn-10k_20201231.htm
416,DVN,DEVON ENERGY CORP/DE,1090012,0001564590-20-005182,10-K,2019-12-31,https://www.sec.gov/ix?doc=/Archives/edgar/data/1090012/000156459020005182/dvn-10k_20191231.htm
417,DVN,DEVON ENERGY CORP/DE,1090012,0001564590-19-003382,10-K,,https://www.sec.gov/ix?doc=/Archives/edgar/data/1090012/000156459019003382/dvn-10k_20181231.htm
418,DVN,DEVON ENERGY CORP/DE,1090012,0001564590-18-002582,10-K,,https://www.sec.gov/Archives/edgar/data/1090012/000156459018002582/dvn-10k_20171231.htm
419,DVN,DEVON ENERGY CORP/DE,1090012,0001564590-17-001607,10-K,,https://www.sec.gov/Archives/edgar/data/1090012/000156459017001607/dvn-10k_20161231.htm
420,DVN,DEVON ENERGY CORP/DE,1090012,0001193125-16-466687,10-K,,https://www.sec.gov/Archives/edgar/data/1090012/000119312516466687/d109858d10k.htm
421,DVN,DEVON ENERGY CORP/DE,1090012,0001193125-15-056497,10-K,,https://www.sec.gov/Archives/edgar/data/1090012/000119312515056497/d859923d10k.htm
422,DVN,DEVON ENERGY CORP/DE,1090012,0001193125-14-076267,10-K,2013-12-31,https://www.sec.gov/Archives/edgar/data/1090012/000119312514076267/d656849d10k.htm
423,DVN,DEVON ENERGY CORP/DE,1090012,0001193125-13-068817,10-K,2012-12-31,https://www.sec.gov/Archives/edgar/data/1090012/000119312513068817/d477194d10k.htm
424,FANG,"Diamondback Energy, Inc.",1539838,0001539838-22-000008,10-K,2021-12-31,https://www.sec.gov/Archives/edgar/data/1539838/000153983822000008/fang-20211231.htm
425,FANG,"Diamondback Energy, Inc.",1539838,0001539838-21-000015,10-K,2020-12-31,https://www.sec.gov/Archives/edgar/data/1539838/000153983821000015/fang-20201231.htm
426,FANG,"Diamondback Energy, Inc.",1539838,0001539838-20-000021,10-K,2019-12-31,https://www.sec.gov/ix?doc=/Archives/edgar/data/1539838/000153983820000021/diamondback201910-k.htm
427,FANG,"Diamondback Energy, Inc.",1539838,0001539838-19-000030,10-K/A,,https://www.sec.gov/Archives/edgar/data/1539838/000153983819000030/diamondback201810-ka.htm
428,FANG,"Diamondback Energy, Inc.",1539838,0001539838-19-000008,10-K,,https://www.sec.gov/Archives/edgar/data/1539838/000153983819000008/diamondback201810-k.htm
429,FANG,"Diamondback Energy, Inc.",1539838,0001539838-18-000014,10-K,,https://www.sec.gov/Archives/edgar/data/1539838/000153983818000014/diamondback201710-k.htm
430,FANG,"Diamondback Energy, Inc.",1539838,0001539838-17-000009,10-K,,https://www.sec.gov/Archives/edgar/data/1539838/000153983817000009/diamondback201610-k.htm
431,FANG,"Diamondback Energy, Inc.",1539838,0001539838-16-000129,10-K,,https://www.sec.gov/Archives/edgar/data/1539838/000153983816000129/diamondback201510-k.htm
432,FANG,"Diamondback Energy, Inc.",1539838,0001539838-15-000005,10-K,,https://www.sec.gov/Archives/edgar/data/1539838/000153983815000005/a12311410-k.htm
433,FANG,"Diamondback Energy, Inc.",1539838,0001539838-14-000007,10-K,2013-12-31,https://www.sec.gov/Archives/edgar/data/1539838/000153983814000007/a12311310-k.htm
434,FANG,"Diamondback Energy, Inc.",1539838,0001539838-13-000013,10-K/A,2012-12-31,https://www.sec.gov/Archives/edgar/data/1539838/000153983813000013/a12311210-ka.htm
435,FANG,"Diamondback Energy, Inc.",1539838,0001539838-13-000004,10-K,2012-12-31,https://www.sec.gov/Archives/edgar/data/1539838/000153983813000004/a12311210-k.htm
436,FB,"Meta Platforms, Inc.",1326801,0001326801-22-000018,10-K,2021-12-31,https://www.sec.gov/Archives/edgar/data/1326801/000132680122000018/fb-20211231.htm
437,FB,Facebook Inc,1326801,0001326801-21-000014,10-K,2020-12-31,https://www.sec.gov/Archives/edgar/data/1326801/000132680121000014/fb-20201231.htm
438,FB,Facebook Inc,1326801,0001326801-20-000013,10-K,2019-12-31,https://www.sec.gov/ix?doc=/Archives/edgar/data/1326801/000132680120000013/fb-12312019x10k.htm
439,FB,Facebook Inc,1326801,0001326801-19-000009,10-K,,https://www.sec.gov/Archives/edgar/data/1326801/000132680119000009/fb-12312018x10k.htm
440,FB,Facebook Inc,1326801,0001326801-18-000009,10-K,,https://www.sec.gov/Archives/edgar/data/1326801/000132680118000009/fb-12312017x10k.htm
441,FB,Facebook Inc,1326801,0001326801-17-000007,10-K,,https://www.sec.gov/Archives/edgar/data/1326801/000132680117000007/fb-12312016x10k.htm
442,FB,Facebook Inc,1326801,0001326801-16-000063,10-K/A,,https://www.sec.gov/Archives/edgar/data/1326801/000132680116000063/a1231201510-ka.htm
443,FB,Facebook Inc,1326801,0001326801-16-000043,10-K,,https://www.sec.gov/Archives/edgar/data/1326801/000132680116000043/fb-12312015x10k.htm
444,FB,Facebook Inc,1326801,0001326801-15-000010,10-K/A,,https://www.sec.gov/Archives/edgar/data/1326801/000132680115000010/amendment1form10-ka.htm
445,FB,Facebook Inc,1326801,0001326801-15-000006,10-K,,https://www.sec.gov/Archives/edgar/data/1326801/000132680115000006/fb-12312014x10k.htm
446,FB,Facebook Inc,1326801,0001326801-14-000007,10-K,2013-12-31,https://www.sec.gov/Archives/edgar/data/1326801/000132680114000007/fb-12312013x10k.htm
447,FB,Facebook Inc,1326801,0001326801-13-000003,10-K,2012-12-31,https://www.sec.gov/Archives/edgar/data/1326801/000132680113000003/fb-12312012x10k.htm
448,JPM,JPMORGAN CHASE & CO,19617,0000019617-22-000272,10-K,2021-12-31,https://www.sec.gov/Archives/edgar/data/19617/000001961722000272/jpm-20211231.htm
449,JPM,JPMORGAN CHASE & CO,19617,0000019617-21-000236,10-K,2020-12-31,https://www.sec.gov/Archives/edgar/data/19617/000001961721000236/jpm-20201231.htm
450,JPM,JPMORGAN CHASE & CO,19617,0000019617-20-000257,10-K,2019-12-31,https://www.sec.gov/ix?doc=/Archives/edgar/data/19617/000001961720000257/corp10k2019.htm
451,JPM,JPMORGAN CHASE & CO,19617,0000019617-19-000054,10-K,,https://www.sec.gov/ix?doc=/Archives/edgar/data/19617/000001961719000054/corp10k2018.htm
452,JPM,JPMORGAN CHASE & CO,19617,0000019617-18-000057,10-K,,https://www.sec.gov/Archives/edgar/data/19617/000001961718000057/corp10k2017.htm
453,JPM,JPMORGAN CHASE & CO,19617,0000019617-17-000314,10-K,,https://www.sec.gov/Archives/edgar/data/19617/000001961717000314/corp10k2016.htm
454,JPM,JPMORGAN CHASE & CO,19617,0000019617-16-000902,10-K,,https://www.sec.gov/Archives/edgar/data/19617/000001961716000902/corp10k2015.htm
455,JPM,JPMORGAN CHASE & CO,19617,0000019617-15-000272,10-K,,https://www.sec.gov/Archives/edgar/data/19617/000001961715000272/corp10k2014.htm
456,JPM,JPMORGAN CHASE & CO,19617,0000019617-14-000289,10-K,2013-12-31,https://www.sec.gov/Archives/edgar/data/19617/000001961714000289/corp10k2013.htm
457,JPM,JPMORGAN CHASE & CO,19617,0000019617-13-000221,10-K,2012-12-31,https://www.sec.gov/Archives/edgar/data/19617/000001961713000221/corp10k2012.htm
458,MCHP,MICROCHIP TECHNOLOGY INC,827054,0000827054-22-000094,10-K,2022-03-31,https://www.sec.gov/Archives/edgar/data/827054/000082705422000094/mchp-20220331.htm
459,MCHP,MICROCHIP TECHNOLOGY INC,827054,0000827054-21-000106,10-K,2021-03-31,https://www.sec.gov/Archives/edgar/data/827054/000082705421000106/mchp-20210331.htm
460,MCHP,MICROCHIP TECHNOLOGY INC,827054,0000827054-20-000119,10-K,2020-03-31,https://www.sec.gov/ix?doc=/Archives/edgar/data/827054/000082705420000119/a2020-03x3110k.htm
461,MCHP,MICROCHIP TECHNOLOGY INC,827054,0000827054-19-000143,10-K,,https://www.sec.gov/ix?doc=/Archives/edgar/data/827054/000082705419000143/a2019-03x3110k.htm
462,MCHP,MICROCHIP TECHNOLOGY INC,827054,0001628280-18-006982,10-K,,https://www.sec.gov/Archives/edgar/data/827054/000162828018006982/a2018-03x3110k.htm
463,MCHP,MICROCHIP TECHNOLOGY INC,827054,0000827054-17-000098,10-K,,https://www.sec.gov/Archives/edgar/data/827054/000082705417000098/a2017-03x3110k.htm
464,MCHP,MICROCHIP TECHNOLOGY INC,827054,0000827054-16-000344,10-K,,https://www.sec.gov/Archives/edgar/data/827054/000082705416000344/a2016-03x3110k.htm
465,MCHP,MICROCHIP TECHNOLOGY INC,827054,0000827054-15-000108,10-K/A,,https://www.sec.gov/Archives/edgar/data/827054/000082705415000108/form10-ka6x8x15.htm
466,MCHP,MICROCHIP TECHNOLOGY INC,827054,0000827054-15-000103,10-K,,https://www.sec.gov/Archives/edgar/data/827054/000082705415000103/a2015-03x3110k.htm
467,MCHP,MICROCHIP TECHNOLOGY INC,827054,0000827054-14-000140,10-K,2014-03-31,https://www.sec.gov/Archives/edgar/data/827054/000082705414000140/a2014-03x3110k.htm
468,MCHP,MICROCHIP TECHNOLOGY INC,827054,0000827054-13-000171,10-K,2013-03-31,https://www.sec.gov/Archives/edgar/data/827054/000082705413000171/a2013-03x3110k.htm
469,MELI,MERCADOLIBRE INC,1099590,0001562762-22-000049,10-K,2021-12-31,https://www.sec.gov/Archives/edgar/data/1099590/000156276222000049/meli-20211231x10k.htm
470,MELI,MERCADOLIBRE INC,1099590,0001562762-21-000079,10-K,2020-12-31,https://www.sec.gov/Archives/edgar/data/1099590/000156276221000079/meli-20201231x10k.htm
471,MELI,MERCADOLIBRE INC,1099590,0001562762-20-000435,10-K/A,2019-12-31,https://www.sec.gov/Archives/edgar/data/1099590/000156276220000435/meli-20191231x10ka.htm
472,MELI,MERCADOLIBRE INC,1099590,0001562762-20-000055,10-K,2019-12-31,https://www.sec.gov/ix?doc=/Archives/edgar/data/1099590/000156276220000055/meli-20191231x10k.htm
473,MELI,MERCADOLIBRE INC,1099590,0001562762-19-000047,10-K,,https://www.sec.gov/Archives/edgar/data/1099590/000156276219000047/meli-20181231x10k.htm
474,MELI,MERCADOLIBRE INC,1099590,0001562762-18-000040,10-K,,https://www.sec.gov/Archives/edgar/data/1099590/000156276218000040/meli-20171231x10k.htm
475,MELI,MERCADOLIBRE INC,1099590,0001562762-17-000024,10-K,,https://www.sec.gov/Archives/edgar/data/1099590/000156276217000024/meli-20161231x10k.htm
476,MELI,MERCADOLIBRE INC,1099590,0001562762-16-000352,10-K,,https://www.sec.gov/Archives/edgar/data/1099590/000156276216000352/meli-20151231x10k.htm
477,MELI,MERCADOLIBRE INC,1099590,0001193125-15-069727,10-K,,https://www.sec.gov/Archives/edgar/data/1099590/000119312515069727/d861783d10k.htm
478,MELI,MERCADOLIBRE INC,1099590,0001193125-14-078151,10-K,2013-12-31,https://www.sec.gov/Archives/edgar/data/1099590/000119312514078151/d639270d10k.htm
479,MELI,MERCADOLIBRE INC,1099590,0001193125-13-081326,10-K,2012-12-31,https://www.sec.gov/Archives/edgar/data/1099590/000119312513081326/d466750d10k.htm
480,MRO,MARATHON OIL CORP,101778,0000101778-22-000016,10-K,2021-12-31,https://www.sec.gov/Archives/edgar/data/101778/000010177822000016/mro-20211231.htm
481,MRO,MARATHON OIL CORP,101778,0000101778-21-000018,10-K,2020-12-31,https://www.sec.gov/Archives/edgar/data/101778/000010177821000018/mro-20201231.htm
482,MRO,MARATHON OIL CORP,101778,0000101778-20-000023,10-K,2019-12-31,https://www.sec.gov/ix?doc=/Archives/edgar/data/101778/000010177820000023/mro-20191231x10k2019.htm
483,MRO,MARATHON OIL CORP,101778,0000101778-19-000022,10-K,,https://www.sec.gov/Archives/edgar/data/101778/000010177819000022/mro-20181231x10kq42018.htm
484,MRO,MARATHON OIL CORP,101778,0000101778-18-000026,10-K,,https://www.sec.gov/Archives/edgar/data/101778/000010177818000026/mro-20171231x10kq42017.htm
485,MRO,MARATHON OIL CORP,101778,0000101778-17-000046,10-K,,https://www.sec.gov/Archives/edgar/data/101778/000010177817000046/mro-20161231x10k.htm
486,MRO,MARATHON OIL CORP,101778,0000101778-16-000047,10-K,,https://www.sec.gov/Archives/edgar/data/101778/000010177816000047/mro-20151231x10k.htm
487,MRO,MARATHON OIL CORP,101778,0000101778-15-000007,10-K,,https://www.sec.gov/Archives/edgar/data/101778/000010177815000007/mro-20141231x10k.htm
488,MRO,MARATHON OIL CORP,101778,0000101778-14-000014,10-K,2013-12-31,https://www.sec.gov/Archives/edgar/data/101778/000010177814000014/mro-20131231x10k.htm
489,MRO,MARATHON OIL CORP,101778,0000101778-13-000006,10-K,2012-12-31,https://www.sec.gov/Archives/edgar/data/101778/000010177813000006/mro-20121231x10k.htm
490,MTRX,MATRIX SERVICE CO,866273,0000866273-21-000088,10-K,2021-06-30,https://www.sec.gov/Archives/edgar/data/866273/000086627321000088/mtrx-20210630.htm
491,MTRX,MATRIX SERVICE CO,866273,0000866273-20-000109,10-K,2020-06-30,https://www.sec.gov/ix?doc=/Archives/edgar/data/866273/000086627320000109/mtrx-20200630.htm
492,MTRX,MATRIX SERVICE CO,866273,0000866273-19-000094,10-K,,https://www.sec.gov/Archives/edgar/data/866273/000086627319000094/mtrx2019-06x3010xk.htm
493,MTRX,MATRIX SERVICE CO,866273,0000866273-18-000092,10-K/A,,https://www.sec.gov/Archives/edgar/data/866273/000086627318000092/mtrx2018-06x3010xka.htm
494,MTRX,MATRIX SERVICE CO,866273,0000866273-18-000082,10-K,,https://www.sec.gov/Archives/edgar/data/866273/000086627318000082/mtrx2018-06x3010xk.htm
495,MTRX,MATRIX SERVICE CO,866273,0000866273-17-000091,10-K,,https://www.sec.gov/Archives/edgar/data/866273/000086627317000091/mtrx2017-06x30x10k.htm
496,MTRX,MATRIX SERVICE CO,866273,0000866273-16-000209,10-K,,https://www.sec.gov/Archives/edgar/data/866273/000086627316000209/mtrx2016-06x30x10k.htm
497,MTRX,MATRIX SERVICE CO,866273,0000866273-15-000080,10-K,,https://www.sec.gov/Archives/edgar/data/866273/000086627315000080/mtrx2015-06x30x10k.htm
498,MTRX,MATRIX SERVICE CO,866273,0000866273-14-000092,10-K,2014-06-30,https://www.sec.gov/Archives/edgar/data/866273/000086627314000092/mtrx2014-06x30x10k.htm
499,MTRX,MATRIX SERVICE CO,866273,0000866273-13-000057,10-K,2013-06-30,https://www.sec.gov/Archives/edgar/data/866273/000086627313000057/mtrx2013-6x3010k.htm
500,MTRX,MATRIX SERVICE CO,866273,0001193125-12-382978,10-K,,https://www.sec.gov/Archives/edgar/data/866273/000119312512382978/d360030d10k.htm
501,NFLX,NETFLIX INC,1065280,0001065280-22-000036,10-K,2021-12-31,https://www.sec.gov/Archives/edgar/data/1065280/000106528022000036/nflx-20211231.htm
502,NFLX,NETFLIX INC,1065280,0001065280-21-000040,10-K,2020-12-31,https://www.sec.gov/Archives/edgar/data/1065280/000106528021000040/nflx-20201231.htm
503,NFLX,NETFLIX INC,1065280,0001065280-20-000040,10-K,2019-12-31,https://www.sec.gov/ix?doc=/Archives/edgar/data/1065280/000106528020000040/form10kq419.htm
504,NFLX,NETFLIX INC,1065280,0001065280-19-000079,10-K/A,,https://www.sec.gov/Archives/edgar/data/1065280/000106528019000079/a10ka.htm
505,NFLX,NETFLIX INC,1065280,0001065280-19-000043,10-K,,https://www.sec.gov/Archives/edgar/data/1065280/000106528019000043/form10k_q418.htm
506,NFLX,NETFLIX INC,1065280,0001628280-18-000941,10-K/A,,https://www.sec.gov/Archives/edgar/data/1065280/000162828018000941/q4nflx201710ka.htm
507,NFLX,NETFLIX INC,1065280,0001065280-18-000069,10-K,,https://www.sec.gov/Archives/edgar/data/1065280/000106528018000069/q4nflx201710k.htm
508,NFLX,NETFLIX INC,1065280,0001628280-17-000496,10-K,,https://www.sec.gov/Archives/edgar/data/1065280/000162828017000496/nflx201610k.htm
509,NFLX,NETFLIX INC,1065280,0001065280-16-000047,10-K,,https://www.sec.gov/Archives/edgar/data/1065280/000106528016000047/nflx201510k.htm
510,NFLX,NETFLIX INC,1065280,0001065280-15-000006,10-K,,https://www.sec.gov/Archives/edgar/data/1065280/000106528015000006/nflx201410k.htm
511,NFLX,NETFLIX INC,1065280,0001065280-14-000006,10-K,2013-12-31,https://www.sec.gov/Archives/edgar/data/1065280/000106528014000006/nflx10k2013.htm
512,NFLX,NETFLIX INC,1065280,0001065280-13-000008,10-K,2012-12-31,https://www.sec.gov/Archives/edgar/data/1065280/000106528013000008/nflx1231201210kdoc.htm
513,PYPL,"PayPal Holdings, Inc.",1633917,0001633917-22-000027,10-K,2021-12-31,https://www.sec.gov/Archives/edgar/data/1633917/000163391722000027/pypl-20211231.htm
514,PYPL,"PayPal Holdings, Inc.",1633917,0001633917-21-000018,10-K,2020-12-31,https://www.sec.gov/Archives/edgar/data/1633917/000163391721000018/pypl-20201231.htm
515,PYPL,"PayPal Holdings, Inc.",1633917,0001633917-20-000028,10-K,2019-12-31,https://www.sec.gov/ix?doc=/Archives/edgar/data/1633917/000163391720000028/pypl201910-k.htm
516,PYPL,"PayPal Holdings, Inc.",1633917,0001633917-19-000043,10-K,,https://www.sec.gov/Archives/edgar/data/1633917/000163391719000043/pypl201810-k.htm
517,PYPL,"PayPal Holdings, Inc.",1633917,0001633917-18-000029,10-K,,https://www.sec.gov/Archives/edgar/data/1633917/000163391718000029/pypl201710-k.htm
518,PYPL,"PayPal Holdings, Inc.",1633917,0001633917-17-000027,10-K,,https://www.sec.gov/Archives/edgar/data/1633917/000163391717000027/pypl201610-k.htm
519,PYPL,"PayPal Holdings, Inc.",1633917,0001633917-16-000113,10-K,,https://www.sec.gov/Archives/edgar/data/1633917/000163391716000113/pypl201510-k.htm
520,REGI,"Renewable Energy Group, Inc.",1463258,0001628280-22-004504,10-K,2021-12-31,https://www.sec.gov/ix?doc=/Archives/edgar/data/1463258/000162828022004504/regi-20211231.htm
521,REGI,"Renewable Energy Group, Inc.",1463258,0001628280-21-003654,10-K,2020-12-31,https://www.sec.gov/Archives/edgar/data/1463258/000162828021003654/regi-20201231.htm
522,REGI,"Renewable Energy Group, Inc.",1463258,0001628280-21-003303,10-K/A,2019-12-31,https://www.sec.gov/Archives/edgar/data/1463258/000162828021003303/regi-20191231.htm
523,REGI,"Renewable Energy Group, Inc.",1463258,0001628280-20-003141,10-K,2019-12-31,https://www.sec.gov/ix?doc=/Archives/edgar/data/1463258/000162828020003141/regi-20191231x10k.htm
524,REGI,"Renewable Energy Group, Inc.",1463258,0001628280-19-002647,10-K,,https://www.sec.gov/ix?doc=/Archives/edgar/data/1463258/000162828019002647/regi-20181231x10k.htm
525,REGI,"Renewable Energy Group, Inc.",1463258,0001628280-18-003045,10-K,,https://www.sec.gov/Archives/edgar/data/1463258/000162828018003045/regi-20171231x10k.htm
526,REGI,"Renewable Energy Group, Inc.",1463258,0001628280-17-002479,10-K,,https://www.sec.gov/Archives/edgar/data/1463258/000162828017002479/regi-20161231x10k.htm
527,REGI,"Renewable Energy Group, Inc.",1463258,0001628280-16-012666,10-K,,https://www.sec.gov/Archives/edgar/data/1463258/000162828016012666/regi-20151231x10k.htm
528,REGI,"Renewable Energy Group, Inc.",1463258,0001628280-15-001595,10-K,,https://www.sec.gov/Archives/edgar/data/1463258/000162828015001595/regi-20141231x10k.htm
529,REGI,"Renewable Energy Group, Inc.",1463258,0001445305-14-000784,10-K,2013-12-31,https://www.sec.gov/Archives/edgar/data/1463258/000144530514000784/regi-20131231x10k.htm
530,REGI,"Renewable Energy Group, Inc.",1463258,0001193125-13-098354,10-K,2012-12-31,https://www.sec.gov/Archives/edgar/data/1463258/000119312513098354/d444091d10k.htm
531,SPWR,SUNPOWER CORP,867773,0000867773-22-000016,10-K,2022-01-02,https://www.sec.gov/Archives/edgar/data/867773/000086777322000016/spwr-20220102.htm
532,SPWR,SUNPOWER CORP,867773,0000867773-21-000026,10-K,2021-01-03,https://www.sec.gov/Archives/edgar/data/867773/000086777321000026/spwr-20210103.htm
533,SPWR,SUNPOWER CORP,867773,0000867773-20-000010,10-K,2019-12-29,https://www.sec.gov/ix?doc=/Archives/edgar/data/867773/000086777320000010/spwr-20191229.htm
534,SPWR,SUNPOWER CORP,867773,0000867773-19-000006,10-K,,https://www.sec.gov/Archives/edgar/data/867773/000086777319000006/spwr_12302018x10-k.htm
535,SPWR,SUNPOWER CORP,867773,0000867773-18-000016,10-K,,https://www.sec.gov/Archives/edgar/data/867773/000086777318000016/spwr_12312017x10-k.htm
536,SPWR,SUNPOWER CORP,867773,0000867773-17-000013,10-K,,https://www.sec.gov/Archives/edgar/data/867773/000086777317000013/spwr_01012017x10-k.htm
537,SPWR,SUNPOWER CORP,867773,0000867773-16-000101,10-K,,https://www.sec.gov/Archives/edgar/data/867773/000086777316000101/spwr_01032016x10-k.htm
538,SPWR,SUNPOWER CORP,867773,0000867773-15-000013,10-K,,https://www.sec.gov/Archives/edgar/data/867773/000086777315000013/spwr_12282014x10-k.htm
539,SPWR,SUNPOWER CORP,867773,0000867773-14-000011,10-K,2013-12-29,https://www.sec.gov/Archives/edgar/data/867773/000086777314000011/spwr_12292013x10-k.htm
540,SPWR,SUNPOWER CORP,867773,0000867773-13-000042,10-K/A,2012-12-30,https://www.sec.gov/Archives/edgar/data/867773/000086777313000042/spwr0711201310-ka.htm
541,SPWR,SUNPOWER CORP,867773,0000867773-13-000020,10-K/A,2012-12-30,https://www.sec.gov/Archives/edgar/data/867773/000086777313000020/spwr1230201210-ka.htm
542,SPWR,SUNPOWER CORP,867773,0000867773-13-000012,10-K,2012-12-30,https://www.sec.gov/Archives/edgar/data/867773/000086777313000012/spwr_12302012x10-k.htm
543,SPWR,SUNPOWER CORP,867773,0000867773-12-000037,10-K/A,,https://www.sec.gov/Archives/edgar/data/867773/000086777312000037/form10-ka20120628.htm
544,UBER,"Uber Technologies, Inc",1543151,0001543151-22-000008,10-K,2021-12-31,https://www.sec.gov/Archives/edgar/data/1543151/000154315122000008/uber-20211231.htm
545,UBER,"Uber Technologies, Inc",1543151,0001543151-21-000014,10-K,2020-12-31,https://www.sec.gov/Archives/edgar/data/1543151/000154315121000014/uber-20201231.htm
546,UBER,"Uber Technologies, Inc",1543151,0001543151-20-000010,10-K,2019-12-31,https://www.sec.gov/ix?doc=/Archives/edgar/data/1543151/000154315120000010/fy2019q410kfinancialst.htm
